JEWETT FLD AP (MI),54822,,Lat: 42.5658,Lon: -84.4331,Elev: 922 ft,,,
Date,Hr,Min,Temp (F),Wind Spd (mph),Wind Direction (deg),Peak Wind Gust(mph),Low Cloud Ht (ft),Visibility (mi)
03/07/2021,15,55,39,3,200,0*,4800*,10,
03/07/2021,16,35,39,0,0,0*,4800*,10,either
03/07/2021,16,55,39,0,0,0*,4800*,10,either
03/07/2021,17,15,38,0,0,0*,4800*,10,either
03/07/2021,17,35,38,0,0,0*,4800*,10,either
03/07/2021,17,55,38,0,0,0*,4800*,10,either
03/07/2021,18,15,37,0,0,0*,4800*,10,either
03/07/2021,18,35,36,0,0,0*,4800*,10,either
03/07/2021,18,55,35,0,0,0*,4800*,10,either
03/08/2021,06,35,37,5,200,0*,7000*,10,
03/08/2021,06,55,37,3,200,0*,7000*,10,
03/08/2021,07,15,37,5,200,0*,7000*,10,
03/08/2021,08,15,42,5,200,0*,7000*,10,
03/08/2021,08,55,44,6,190,0*,7000*,10,
03/09/2021,08,55,38,0,0,0*,7500*,7,either
03/09/2021,09,15,43,0,0,0*,7500*,10,either
03/11/2021,06,35,58,5,190,18*,3900,10,
03/13/2021,10,15,35,3,220,0*,3900*,10,
03/14/2021,12,15,46,13,20,17,3900*,10,
03/14/2021,12,35,46,11,20,17,3900*,10,
03/16/2021,11,55,40,0,0,0*,2100,10,either
03/16/2021,12,15,40,0,0,0*,2100,10,either
03/16/2021,12,55,42,0,0,0*,2100,10,either
03/16/2021,13,15,42,0,0,0*,2300,10,either
03/16/2021,13,55,43,0,0,0*,2500,10,either
03/16/2021,14,15,44,0,0,0*,2500,10,either
03/16/2021,14,35,46,0,0,0*,2500,10,either
03/17/2021,11,35,47,0,0,0*,2300*,10,either
03/17/2021,11,55,48,0,0,0*,2300*,10,either
03/17/2021,12,15,49,0,0,0*,2300*,10,either
03/17/2021,12,35,51,5,160,0*,2300*,10,
03/17/2021,13,55,56,7,190,0*,2300*,10,
03/17/2021,14,15,56,5,160,0*,2300*,10,
03/17/2021,14,55,57,5,220,0*,2300*,10,
03/17/2021,15,15,57,3,230,0*,2300*,10,
03/17/2021,15,55,58,0,0,0*,2300*,10,either
03/17/2021,16,15,58,3,210,0*,2300*,10,
03/17/2021,16,35,58,0,0,0*,2300*,10,either
03/17/2021,16,55,58,0,0,0*,2300*,10,either
03/17/2021,17,15,58,8,20,0*,2300*,10,
03/19/2021,10,55,37,13,40,16,3000*,10,
03/19/2021,17,15,47,0,0,17*,3000*,10,either
03/19/2021,18,55,42,0,0,17*,3000*,10,either
03/19/2021,19,15,42,0,0,17*,3000*,10,either
03/20/2021,09,35,39,5,160,0*,7220,10,
03/20/2021,11,35,48,5,160,16*,7220,10,
03/20/2021,13,15,53,5,150,16*,7220,10,
03/20/2021,15,55,56,3,210,16*,7220,10,
03/20/2021,16,15,56,5,190,16*,7220,10,
03/20/2021,17,15,56,3,210,16*,7220*,10,
03/21/2021,19,15,53,13,190,17*,7220*,10,
03/22/2021,06,35,37,0,0,16*,7220*,10,either
03/22/2021,06,55,38,0,0,16*,7220*,10,either
03/22/2021,07,15,39,0,0,16*,7220*,10,either
03/22/2021,07,35,41,0,0,16*,7220*,10,either
03/22/2021,07,55,43,0,0,16*,7220*,10,either
03/22/2021,18,35,63,3,170,20*,7000,10,
03/22/2021,18,55,62,0,0,20*,7000,10,either
03/22/2021,19,15,61,0,0,20*,7000,10,either
03/25/2021,07,15,43,3,180,18*,2000*,10,
03/25/2021,07,35,44,0,0,18*,2000*,10,either
03/25/2021,10,15,51,5,190,18*,2000,10,
03/25/2021,11,15,53,0,0,18*,2400*,10,either
03/25/2021,12,55,57,5,30,18*,2400*,10,
03/25/2021,13,35,59,5,210,18*,7220,10,
03/25/2021,13,55,59,3,10,18*,7220,10,
03/25/2021,14,55,59,0,0,18*,7220,10,either
03/25/2021,17,15,54,8,20,0*,11000,10,
03/29/2021,09,55,37,3,210,20*,3700*,10,
03/29/2021,10,35,39,0,0,20*,3700*,10,either
03/29/2021,12,15,43,3,190,17*,3700*,10,
04/02/2021,12,35,40,3,30,0*,5500*,10,
04/02/2021,14,35,43,0,0,0*,5500*,10,either
04/02/2021,15,35,44,5,220,0*,5500*,10,
04/02/2021,16,15,45,0,0,0,5500*,10,either
04/02/2021,16,35,45,0,0,0*,5500*,10,either
04/02/2021,16,55,45,0,0,0*,5500*,10,either
04/02/2021,17,35,44,5,210,0*,5500*,10,
04/02/2021,18,35,43,3,180,0*,5500*,10,
04/02/2021,18,55,43,0,0,0*,5500*,10,either
04/02/2021,19,15,41,0,0,0*,5500*,10,either
04/03/2021,07,55,37,8,190,0*,9500,10,
04/04/2021,07,35,37,0,0,0*,11000*,10,either
04/04/2021,07,55,40,0,0,0*,11000*,10,either
04/04/2021,08,15,44,0,0,0*,11000*,10,either
04/04/2021,11,15,58,5,50,0*,11000*,10,
04/04/2021,12,15,60,0,0,0*,11000*,10,either
04/04/2021,12,35,62,0,0,0*,11000*,10,either
04/04/2021,13,55,66,0,0,0*,11000*,10,either
04/04/2021,14,35,66,0,0,0*,11000*,10,either
04/04/2021,15,35,68,0,0,0*,11000*,10,either
04/04/2021,15,55,67,0,0,0*,11000*,10,either
04/04/2021,16,55,67,0,0,0*,11000*,10,either
04/04/2021,17,35,67,0,0,0*,11000*,10,either
04/04/2021,17,55,67,0,0,0*,11000*,10,either
04/05/2021,13,15,56,5,210,17*,7500,10,
04/05/2021,14,55,58,0,0,17*,7500,10,either
04/06/2021,05,55,43,5,150,17*,11000*,10,
04/06/2021,06,15,43,5,150,17*,11000*,10,
04/06/2021,09,15,61,5,220,17*,11000*,10,
04/06/2021,12,15,72,5,230,0*,6500*,10,
04/06/2021,18,55,74,0,0,16*,7500,10,either
04/06/2021,19,35,69,0,0,0,7500,10,either
04/07/2021,05,55,59,0,0,0*,10000,10,either
04/07/2021,06,15,57,0,0,0,7000,10,either
04/07/2021,06,35,57,0,0,0*,7000,10,either
04/07/2021,06,55,59,0,0,0*,10000,10,either
04/07/2021,07,15,58,0,0,0,7000,10,either
04/07/2021,07,35,59,0,0,0*,7000,10,either
04/07/2021,07,55,59,0,0,0*,8000,10,either
04/07/2021,08,15,61,0,0,0*,8000*,10,either
04/07/2021,08,35,64,0,0,0*,8000*,10,either
04/07/2021,08,55,65,5,150,0*,8000*,10,
04/07/2021,09,55,71,5,200,0*,8000*,10,
04/07/2021,10,35,74,9,190,0*,8000*,10,
04/07/2021,14,35,77,10,190,16,7000,10,
04/09/2021,19,35,64,3,10,20*,8000,10,
04/10/2021,05,35,43,0,0,0*,8000*,10,either
04/10/2021,06,15,46,0,0,0*,8000*,10,either
04/10/2021,06,35,45,5,160,0*,8000*,10,
04/10/2021,09,15,62,0,0,0*,12000,10,either
04/10/2021,09,35,64,0,0,0*,12000,10,either
04/11/2021,05,35,49,3,160,0*,2700,10,
04/11/2021,05,55,50,0,0,0*,2700,10,either
04/11/2021,06,15,51,5,160,0*,4200,10,
04/11/2021,06,35,51,3,150,0*,4200,10,
04/11/2021,06,55,51,3,160,0*,4400,10,
04/11/2021,07,15,51,3,150,0*,2500,10,
04/13/2021,05,35,36,0,0,18*,6000*,10,either
04/13/2021,05,55,37,0,0,18*,6000*,10,either
04/13/2021,06,15,37,5,160,18*,6000*,10,
04/13/2021,06,35,37,0,0,18*,6000*,10,either
04/13/2021,06,55,38,0,0,18*,6000*,10,either
04/13/2021,07,15,41,0,0,18*,6000*,10,either
04/13/2021,07,35,44,3,190,18*,6000*,10,
04/13/2021,07,55,46,3,160,18*,6000*,10,
04/13/2021,08,15,48,5,220,18*,6000*,10,
04/13/2021,09,15,53,5,210,18*,6000*,10,
04/14/2021,05,55,35,0,0,0*,5000*,10,either
04/14/2021,06,35,36,5,200,0*,6000,10,
04/14/2021,06,55,38,5,210,0*,6000,10,
04/14/2021,07,15,39,3,220,0*,6000,10,
04/14/2021,07,35,40,0,0,0*,6000,10,either
04/14/2021,07,55,40,3,190,0*,4700,10,
04/14/2021,08,15,42,0,0,0*,4900,10,either
04/14/2021,08,35,43,5,220,0*,6000,10,
04/17/2021,10,15,48,0,0,0*,2600,10,either
04/17/2021,10,35,49,0,0,0*,2600,10,either
04/17/2021,11,55,52,0,0,0*,3400,10,either
04/17/2021,13,55,57,5,20,0*,4900,10,
04/17/2021,18,55,54,0,0,16*,6500,10,either
04/17/2021,19,15,54,0,0,16*,6500,10,either
04/17/2021,19,35,53,0,0,16*,6500,10,either
04/18/2021,06,15,36,0,0,16*,5500,10,either
04/18/2021,06,35,36,0,0,16*,5500*,10,either
04/18/2021,06,55,38,0,0,16*,5500*,10,either
04/19/2021,05,35,46,5,160,16*,10000*,10,
04/19/2021,05,55,45,3,150,16*,10000*,10,
04/19/2021,06,15,45,0,0,16*,10000*,10,either
04/19/2021,06,35,45,5,150,16*,8500,10,
04/22/2021,19,55,41,0,0,0,7220,10,either
04/23/2021,18,15,58,5,230,17*,10000,10,
04/23/2021,19,15,56,3,230,18*,9500,10,
04/23/2021,19,35,55,5,220,18*,8000,10,
04/23/2021,19,55,53,5,220,18*,9000,10,
04/24/2021,05,15,42,0,0,18*,6000,10,either
04/24/2021,05,35,42,0,0,18*,6000,10,either
04/24/2021,05,55,43,3,160,18*,6000,10,
04/24/2021,06,15,43,0,0,18*,6000,10,either
04/24/2021,06,35,44,0,0,18*,6000,10,either
04/24/2021,06,55,45,0,0,18*,6000,10,either
04/24/2021,07,15,46,3,150,18*,6000,10,
04/24/2021,07,35,47,0,0,18*,6000,10,either
04/24/2021,08,35,49,5,160,18*,6000,10,
04/24/2021,15,35,53,5,210,18*,4900,10,
04/24/2021,15,55,53,5,220,18*,4900,10,
04/24/2021,16,15,53,3,200,18*,4900,10,
04/24/2021,16,35,53,0,0,18*,4100,10,either
04/24/2021,18,15,52,3,230,18*,3700,10,
04/24/2021,18,35,51,0,0,18*,3500,10,either
04/24/2021,18,55,51,0,0,0,4400,10,either
04/24/2021,19,15,51,0,0,0*,3700,10,either
04/24/2021,19,35,50,0,0,0*,3700,10,either
04/25/2021,19,35,46,5,20,0*,7220,10,
04/27/2021,05,55,50,3,180,17*,9000,10,
04/27/2021,06,15,51,5,190,17*,7000,10,
04/27/2021,06,55,54,5,210,17*,7000,10,
04/27/2021,07,15,55,5,220,17*,7000,10,
04/28/2021,18,35,61,5,230,16*,3800,10,
04/28/2021,19,15,60,3,230,16*,4200,10,
05/01/2021,06,55,36,5,200,20*,7220,10,
05/01/2021,19,55,67,6,190,0,7220*,10,
05/03/2021,05,35,56,7,190,0*,3900,7,
05/06/2021,04,55,38,0,0,0*,9000,10,either
05/06/2021,05,15,38,0,0,0*,9000,10,either
05/06/2021,05,35,38,0,0,0*,7000,10,either
05/06/2021,05,55,38,0,0,0,8000,10,either
05/06/2021,06,15,38,0,0,0*,8000,10,either
05/06/2021,06,35,39,0,0,0*,7000,10,either
05/06/2021,06,55,41,0,0,0*,7000,10,either
05/06/2021,07,15,44,0,0,0*,8000,10,either
05/06/2021,08,15,47,0,0,0*,7000,10,either
05/06/2021,08,35,47,0,0,0*,7000,10,either
05/06/2021,08,55,48,3,150,0*,7000,10,
05/06/2021,09,15,48,0,0,0*,7000,10,either
05/06/2021,09,35,48,0,0,0*,7000,10,either
05/06/2021,10,15,48,3,150,0*,7000,10,
05/06/2021,10,35,49,0,0,0*,7000,10,either
05/06/2021,10,55,49,3,170,0*,4700,10,
05/06/2021,13,35,47,3,20,0*,4300,10,
05/06/2021,13,55,46,5,30,0*,4300,10,
05/06/2021,14,55,44,0,0,0*,3800,10,either
05/06/2021,15,55,44,3,40,0*,3500,7,
05/06/2021,16,15,44,0,0,0*,3700,10,either
05/06/2021,16,35,44,0,0,0*,3800,10,either
05/06/2021,16,55,44,3,50,0*,3500,10,
05/06/2021,17,15,44,3,40,0*,3300,10,
05/06/2021,17,35,44,5,40,0*,3300,10,
05/06/2021,17,55,44,3,50,0*,3400,10,
05/06/2021,18,15,44,0,0,0*,3400,10,either
05/06/2021,18,35,44,0,0,0*,3400,10,either
05/06/2021,18,55,44,0,0,0*,3400,10,either
05/06/2021,19,15,43,0,0,0*,3000,10,either
05/06/2021,19,55,43,0,0,0,2600,10,either
05/06/2021,20,15,43,0,0,0,2600,10,either
05/07/2021,08,15,45,3,160,0*,4900,10,
05/07/2021,08,35,46,0,0,0*,4900,10,either
05/07/2021,09,15,47,3,150,0*,2000,10,
05/07/2021,11,35,51,5,220,0*,6000,10,
05/08/2021,16,35,53,0,0,11*,6500,10,either
05/08/2021,19,35,50,0,0,11*,7000,10,either
05/08/2021,19,55,48,0,0,11*,7000,10,either
05/08/2021,20,15,47,0,0,11*,7000,10,either
05/09/2021,04,55,41,0,0,11*,6500,10,either
05/09/2021,05,15,41,0,0,11*,6500,10,either
05/09/2021,05,35,40,0,0,11*,6500*,10,either
05/09/2021,05,55,41,0,0,11*,6500*,10,either
05/09/2021,06,15,41,0,0,11*,6500*,10,either
05/09/2021,06,35,41,0,0,11*,6500*,10,either
05/09/2021,06,55,42,0,0,11*,6500*,10,either
05/09/2021,07,15,43,3,160,11*,6500*,10,
05/09/2021,07,35,44,5,150,11*,6500*,10,
05/09/2021,07,55,44,3,150,11*,6500*,10,
05/09/2021,08,15,45,5,150,11*,12000,10,
05/09/2021,08,35,46,3,150,11*,12000,10,
05/09/2021,08,55,46,5,150,11*,12000,10,
05/09/2021,09,15,46,3,160,11*,12000,10,
05/09/2021,10,15,46,5,150,11*,2600,10,
05/09/2021,10,35,46,5,160,11*,2600,10,
05/09/2021,13,35,48,5,150,17*,2400,10,
05/09/2021,15,55,47,5,170,17*,5000,10,
05/09/2021,16,15,49,3,50,17*,5000,10,
05/09/2021,16,55,49,5,20,17*,6500,10,
05/09/2021,17,15,49,3,50,17*,7500,10,
05/09/2021,18,35,51,5,20,17*,3600,10,
05/09/2021,18,55,51,3,20,17*,3600,10,
05/09/2021,19,15,50,5,170,17*,6500,10,
05/09/2021,19,35,50,5,180,17*,4600,10,
05/09/2021,19,55,49,0,0,17*,4600,10,either
05/09/2021,20,15,47,0,0,17*,7500,10,either
05/10/2021,08,55,42,0,0,0*,6000,10,either
05/12/2021,09,15,52,5,20,0*,7500*,10,
05/12/2021,10,15,55,3,50,0*,7500*,10,
05/12/2021,12,55,59,3,210,17*,6500,10,
05/12/2021,13,15,58,3,40,17*,6500,10,
05/12/2021,14,55,62,0,0,16*,7500,10,either
05/12/2021,18,15,61,11,20,17*,8500*,10,
05/12/2021,18,35,60,0,0,17*,8500*,10,either
05/12/2021,19,15,59,0,0,17*,9500,10,either
05/12/2021,19,35,58,0,0,17*,9500,10,either
05/12/2021,19,55,56,0,0,17*,9500*,10,either
05/12/2021,20,15,54,0,0,17*,9500*,10,either
05/13/2021,04,55,35,0,0,17*,9500*,10,either
05/13/2021,05,15,35,0,0,17*,9500*,10,either
05/13/2021,06,15,36,0,0,17*,9500*,10,either
05/13/2021,06,35,39,0,0,17*,9500*,10,either
05/13/2021,06,55,43,0,0,17*,9500*,10,either
05/13/2021,07,15,47,0,0,17*,9500*,10,either
05/13/2021,11,15,62,0,0,16*,9500*,10,either
05/13/2021,14,15,64,0,0,18*,9500*,10,either
05/13/2021,15,35,66,0,0,0,9500*,10,either
05/13/2021,15,55,66,0,0,0*,9500*,10,either
05/13/2021,16,35,67,3,220,16,9500*,10,
05/13/2021,16,55,65,0,0,16*,9500*,10,either
05/13/2021,17,55,65,0,0,18*,9500*,10,either
05/13/2021,19,15,61,0,0,18*,9500*,10,either
05/13/2021,19,35,63,0,0,18*,9500*,10,either
05/13/2021,19,55,61,0,0,18*,9500*,10,either
05/13/2021,20,15,55,0,0,18*,9500*,10,either
05/14/2021,05,15,35,0,0,18*,9500*,10,either
05/14/2021,05,35,35,0,0,18*,9500*,10,either
05/14/2021,05,55,35,0,0,18*,9500*,10,either
05/14/2021,06,15,36,0,0,18*,9500*,10,either
05/14/2021,06,35,40,0,0,18*,9500*,10,either
05/14/2021,06,55,44,0,0,18*,9500*,10,either
05/14/2021,07,15,48,5,20,18*,9500*,10,
05/14/2021,09,15,61,0,0,18*,9500*,10,either
05/14/2021,09,55,64,0,0,18*,9500*,10,either
05/14/2021,10,15,65,0,0,0,9500*,10,either
05/14/2021,10,35,65,0,0,0*,9500*,10,either
05/14/2021,11,35,65,0,0,0*,9500*,10,either
05/14/2021,11,55,67,5,180,0*,9500*,10,
05/14/2021,12,15,67,0,0,0*,9500*,10,either
05/14/2021,12,35,68,5,150,0*,10000,10,
05/14/2021,12,55,69,0,0,0*,10000,10,either
05/14/2021,13,35,69,0,0,0*,10000*,10,either
05/14/2021,14,15,69,0,0,0,10000*,10,either
05/14/2021,14,35,69,0,0,0*,10000*,10,either
05/14/2021,14,55,70,5,170,0*,10000*,10,
05/14/2021,15,55,69,0,0,0*,11000,10,either
05/14/2021,19,55,62,0,0,0*,11000,10,either
05/14/2021,20,15,59,0,0,0*,11000,10,either
05/15/2021,04,55,38,0,0,0*,11000*,10,either
05/15/2021,05,15,39,0,0,0*,11000*,10,either
05/15/2021,05,35,39,0,0,0*,11000*,10,either
05/15/2021,05,55,39,0,0,0*,11000*,10,either
05/15/2021,06,15,42,0,0,0*,11000*,10,either
05/15/2021,06,35,43,0,0,0*,11000*,10,either
05/15/2021,07,15,48,0,0,0*,11000*,10,either
05/15/2021,07,35,52,0,0,0*,11000*,10,either
05/15/2021,07,55,55,0,0,0*,10000,10,either
05/15/2021,08,15,58,3,210,0*,10000,10,
05/15/2021,08,35,60,0,0,0*,10000*,10,either
05/15/2021,08,55,63,0,0,0*,10000*,10,either
05/15/2021,09,35,66,3,180,0*,10000*,10,
05/15/2021,09,55,67,0,0,0*,10000*,10,either
05/15/2021,18,15,65,5,220,16*,10000,10,
05/15/2021,19,15,64,5,220,16,6000,10,
05/15/2021,19,35,62,0,0,16*,6000,10,either
05/15/2021,19,55,59,0,0,16*,5500,10,either
05/15/2021,20,15,58,5,20,17,5500,10,
05/16/2021,06,15,50,0,0,17*,6500,10,either
05/16/2021,06,35,51,0,0,17*,6500,10,either
05/16/2021,07,15,51,0,0,17*,6500,10,either
05/16/2021,14,55,66,0,0,0,6000,10,either
05/16/2021,15,15,66,0,0,0*,6000,10,either
05/16/2021,16,15,67,3,150,0*,6500,10,
05/16/2021,16,35,67,0,0,0*,10000,10,either
05/16/2021,17,15,68,0,0,0*,10000,10,either
05/16/2021,17,55,67,0,0,0*,10000,10,either
05/16/2021,18,35,67,0,0,0,10000*,10,either
05/16/2021,18,55,67,0,0,0*,10000*,10,either
05/16/2021,19,15,66,5,150,0*,10000*,10,
05/17/2021,05,35,51,3,150,0*,7220,10,
05/17/2021,08,35,62,5,170,0*,7220,10,
05/17/2021,08,55,64,3,150,0*,7220,10,
05/17/2021,09,15,65,3,170,0*,7220,10,
05/17/2021,09,35,67,0,0,0*,7220,10,either
05/17/2021,11,35,71,5,170,17*,6000,10,
05/18/2021,04,55,46,0,0,0*,7000*,5,either
05/18/2021,05,15,45,0,0,0,7000*,7,either
05/18/2021,05,35,45,0,0,0*,7000*,7,either
05/18/2021,05,55,47,0,0,0*,7000*,7,either
05/18/2021,06,15,47,0,0,0*,7000*,10,either
05/18/2021,06,35,49,0,0,0*,7000*,10,either
05/18/2021,06,55,53,0,0,0*,7000*,10,either
05/19/2021,04,55,57,5,160,0*,7500*,10,
05/19/2021,05,15,57,3,150,0*,7500*,10,
05/19/2021,05,35,58,3,160,0*,7500*,10,
05/19/2021,05,55,58,3,150,0*,7500*,10,
05/20/2021,04,55,62,0,0,0,12000,10,either
05/20/2021,05,15,62,0,0,0*,10000,10,either
05/20/2021,05,35,63,3,150,0*,10000,10,
05/20/2021,05,55,64,3,150,0*,10000,10,
05/20/2021,06,15,64,3,150,0*,11000,10,
05/20/2021,12,15,84,3,160,18,5500,10,
05/20/2021,16,35,85,3,180,20*,7000,10,
05/20/2021,18,35,83,5,150,17*,10000,10,
05/20/2021,19,55,77,0,0,0,8500,10,either
05/20/2021,20,15,76,0,0,0*,8500*,10,either
05/21/2021,04,55,64,0,0,0,9000*,10,either
05/21/2021,05,15,63,0,0,0,9000*,10,either
05/21/2021,05,35,62,0,0,0,9000*,10,either
05/21/2021,05,55,63,0,0,0,9000*,10,either
05/21/2021,06,15,64,0,0,0*,9000*,10,either
05/21/2021,06,35,66,0,0,0*,9000*,10,either
05/21/2021,07,15,71,0,0,0*,9000*,10,either
05/21/2021,07,35,73,3,210,0*,9000*,10,
05/21/2021,17,15,85,3,150,16*,8000*,10,
05/21/2021,19,35,80,0,0,0,8000*,10,either
05/21/2021,19,55,79,0,0,0,8000*,10,either
05/21/2021,20,15,77,0,0,0,8000*,10,either
05/22/2021,05,15,67,3,150,0*,8000*,10,
05/22/2021,06,15,65,0,0,0*,11000,10,either
05/22/2021,07,15,67,5,170,0*,9500,10,
05/22/2021,07,55,69,3,230,0*,8000,10,
05/22/2021,09,35,70,3,230,0*,5000,10,
05/22/2021,09,55,69,3,230,0*,5000,10,
05/22/2021,10,15,70,5,190,0*,7000,10,
05/22/2021,10,35,71,3,220,0*,7000,10,
05/22/2021,11,15,75,3,230,0*,7000,10,
05/24/2021,13,35,79,0,0,0,2700,10,either
05/24/2021,13,55,78,0,0,0,3100,10,either
05/24/2021,14,15,80,0,0,0,3300,10,either
05/24/2021,14,35,78,0,0,0,3300,10,either
05/24/2021,14,55,81,0,0,0*,3500,10,either
05/24/2021,19,35,76,0,0,16*,6000*,10,either
05/24/2021,20,15,74,0,0,16*,6000*,10,either
05/25/2021,06,15,69,3,150,0*,9000*,10,
05/25/2021,06,55,70,3,200,0*,9000,10,
05/25/2021,07,15,71,5,210,0*,8000,10,
05/25/2021,07,35,71,5,210,0*,8000,10,
05/25/2021,07,55,71,5,220,0*,7500,10,
05/25/2021,19,55,79,3,210,17*,11000*,10,
05/25/2021,20,15,78,0,0,0,9500,10,either
05/25/2021,20,35,77,0,0,0,9500,10,either
05/26/2021,07,15,62,0,0,0*,7000,10,either
05/26/2021,07,35,62,5,150,0*,8500,10,
05/26/2021,07,55,63,5,160,0*,7000,10,
05/26/2021,08,15,63,0,0,0*,3600,10,either
05/27/2021,05,15,42,0,0,16*,3400*,10,either
05/27/2021,06,35,44,0,0,16*,3400*,10,either
05/27/2021,09,55,52,3,50,18*,3400*,10,
05/27/2021,10,15,54,3,30,18*,3400*,10,
05/27/2021,12,55,61,3,30,18*,11000,10,
05/27/2021,15,55,59,14,40,16*,12000,10,
05/29/2021,04,55,38,5,10,17*,3400*,10,
05/29/2021,05,35,38,3,10,17*,3400*,10,
05/29/2021,06,15,38,5,20,17*,3400*,10,
05/29/2021,06,35,39,5,20,17*,3400*,10,
05/29/2021,19,55,54,8,20,0*,3400*,10,
05/29/2021,20,35,51,7,20,0*,3400*,10,
05/30/2021,04,35,36,0,0,0*,3400*,10,either
05/30/2021,04,55,36,0,0,0*,3400*,10,either
05/30/2021,05,15,35,0,0,0*,3400*,10,either
05/30/2021,05,35,35,0,0,0*,3400*,10,either
05/30/2021,06,15,37,0,0,0*,3400*,10,either
05/30/2021,06,35,40,0,0,0*,3400*,10,either
05/30/2021,06,55,43,0,0,0*,3400*,10,either
05/30/2021,07,55,49,5,40,0*,3400*,10,
05/30/2021,08,35,53,3,40,0*,3400*,10,
05/30/2021,08,55,54,0,0,0*,3400*,10,either
05/30/2021,09,35,57,5,40,0*,3400*,10,
05/30/2021,10,15,61,0,0,0*,3400*,10,either
05/30/2021,11,15,61,3,210,0*,3400*,10,
05/30/2021,11,35,64,0,0,0*,3400*,10,either
05/30/2021,11,55,62,0,0,0*,3400*,10,either
05/30/2021,13,15,64,0,0,0*,3400*,10,either
05/30/2021,14,55,66,0,0,16*,3400*,10,either
05/30/2021,15,55,66,0,0,16*,3400*,10,either
05/30/2021,16,15,66,0,0,16*,3400*,10,either
05/30/2021,16,35,66,0,0,16*,3400*,10,either
05/30/2021,17,15,67,0,0,16*,3400*,10,either
05/30/2021,17,35,66,0,0,16*,3400*,10,either
05/30/2021,17,55,67,0,0,16*,3400*,10,either
05/30/2021,18,15,67,0,0,16*,7220,10,either
05/30/2021,18,55,66,0,0,16*,7220,10,either
05/30/2021,19,15,65,5,10,16*,7220*,10,
05/30/2021,19,35,65,0,0,16*,7220*,10,either
05/30/2021,19,55,63,0,0,16*,7220*,10,either
05/30/2021,20,15,60,0,0,16*,7220*,10,either
05/31/2021,05,15,49,0,0,16*,7220*,10,either
05/31/2021,07,15,53,0,0,0,7220*,10,either
05/31/2021,07,35,54,0,0,0*,7220*,10,either
05/31/2021,07,55,55,3,220,0*,7220*,10,
05/31/2021,08,15,56,5,220,0*,7220*,10,
05/31/2021,08,35,58,5,230,0*,7220*,10,
05/31/2021,08,55,60,0,0,0*,7220*,10,either
05/31/2021,19,15,65,0,0,18*,11000,10,either
05/31/2021,19,35,64,0,0,18*,12000,10,either
05/31/2021,19,55,63,0,0,18*,12000,10,either
05/31/2021,20,15,63,0,0,18*,12000,10,either
05/31/2021,20,35,62,0,0,18*,5000,10,either
06/01/2021,04,55,48,9,190,0*,12000*,10,
06/01/2021,05,15,47,0,0,0*,12000*,10,either
06/01/2021,07,35,59,0,0,0*,12000*,10,either
06/01/2021,07,55,62,0,0,0,12000*,10,either
06/01/2021,08,15,63,0,0,0*,12000*,10,either
06/01/2021,20,35,65,0,0,0,7500*,10,either
06/02/2021,04,55,50,0,0,0,7500*,10,either
06/02/2021,05,15,49,0,0,0*,7500*,10,either
06/02/2021,05,35,49,8,20,0*,7500*,10,
06/02/2021,05,55,50,0,0,0*,7500*,10,either
06/02/2021,06,15,51,3,30,0*,8000,10,
06/02/2021,06,35,53,0,0,0*,8000*,10,either
06/02/2021,06,55,54,5,40,0*,8000*,10,
06/02/2021,07,15,57,0,0,0*,7500,10,either
06/02/2021,07,35,60,0,0,0*,7500,10,either
06/02/2021,07,55,63,0,0,0*,7500,10,either
06/02/2021,09,15,67,3,150,0*,7500*,10,
06/03/2021,11,55,72,3,230,0*,2700,10,
06/03/2021,13,15,74,0,0,0*,3900,10,either
06/03/2021,13,35,76,5,220,0*,4100,10,
06/03/2021,17,35,79,5,230,0*,7000*,10,
06/03/2021,18,35,79,0,0,0*,7000*,10,either
06/03/2021,19,15,77,0,0,0*,7000*,10,either
06/03/2021,19,35,76,3,210,0*,7000*,10,
06/03/2021,19,55,74,0,0,0*,7000*,10,either
06/03/2021,20,35,68,10,190,0*,7000*,10,
06/04/2021,04,35,64,0,0,0*,11000,10,either
06/04/2021,05,35,65,5,230,0*,9000,10,
06/04/2021,07,15,67,5,230,0*,9000,10,
06/04/2021,07,35,70,5,220,0*,9000,10,
06/04/2021,08,55,72,5,220,0*,12000,10,
06/04/2021,09,15,74,5,230,0*,12000,10,
06/04/2021,19,55,82,0,0,0,12000*,10,either
06/04/2021,20,15,80,0,0,0*,12000*,10,either
06/04/2021,20,35,78,3,210,0*,12000*,10,
06/05/2021,04,55,70,5,230,0*,12000*,10,
06/05/2021,19,15,83,3,200,17*,7000*,10,
06/05/2021,19,35,82,0,0,0,7000*,10,either
06/05/2021,19,55,81,0,0,0*,7000*,10,either
06/05/2021,20,15,79,0,0,0,7000*,10,either
06/05/2021,20,35,78,0,0,0*,7000*,10,either
06/06/2021,04,35,70,0,0,0,7000*,10,either
06/06/2021,04,55,70,0,0,0*,7000*,10,either
06/06/2021,05,15,69,5,210,0*,7000*,10,
06/06/2021,05,35,69,3,220,0*,7000*,10,
06/06/2021,05,55,70,3,210,0*,7000*,10,
06/06/2021,09,35,82,3,230,0*,7000*,10,
06/06/2021,18,35,85,5,190,16*,9000,10,
06/06/2021,18,55,84,3,230,16*,9000,10,
06/06/2021,19,15,84,0,0,0,9000,10,either
06/06/2021,19,35,83,0,0,0*,9000,10,either
06/06/2021,19,55,82,3,150,0*,9000,10,
06/06/2021,20,15,81,0,0,0,9000*,10,either
06/06/2021,20,35,80,0,0,0,9000*,10,either
06/07/2021,04,35,69,0,0,0*,9000*,10,either
06/07/2021,05,15,69,5,150,0*,8500,10,
06/07/2021,05,35,70,0,0,0,8500,10,either
06/07/2021,05,55,71,0,0,0,8500,10,either
06/07/2021,06,15,71,0,0,0*,8500*,10,either
06/07/2021,06,35,71,3,220,0*,8500*,10,
06/07/2021,06,55,71,3,200,0*,8500*,10,
06/07/2021,07,15,72,5,220,0*,8500*,10,
06/07/2021,13,15,78,5,200,16*,2300,10,
06/07/2021,13,35,79,3,210,16*,2300,10,
06/07/2021,14,55,76,0,0,0,3700,7,either
06/07/2021,15,15,76,0,0,0*,3400,10,either
06/07/2021,15,35,78,0,0,0*,3200,10,either
06/07/2021,16,15,79,5,170,0*,2500,10,
06/07/2021,17,15,79,5,150,0*,2800,10,
06/07/2021,19,15,73,3,40,0*,4500,10,
06/07/2021,19,35,73,0,0,0*,5000,10,either
06/07/2021,20,15,74,0,0,0,11000,10,either
06/07/2021,20,35,73,0,0,0*,11000,10,either
06/08/2021,04,55,67,0,0,0,5500,5,either
06/08/2021,05,15,68,0,0,0*,5000,5,either
06/08/2021,06,35,70,0,0,0*,3900,10,either
06/08/2021,07,35,72,3,220,0*,3700,10,
06/08/2021,08,15,75,3,230,0*,5500,10,
06/08/2021,09,55,79,0,0,0*,2000,10,either
06/08/2021,10,35,80,0,0,0,2000,10,either
06/08/2021,10,55,81,0,0,0*,2200,10,either
06/08/2021,12,15,80,0,0,0*,2900,10,either
06/08/2021,12,35,82,3,220,0*,2900,10,
06/08/2021,12,55,81,0,0,0*,8000,10,either
06/08/2021,13,15,81,3,230,0*,8000,10,
06/08/2021,13,35,79,3,220,0*,8000*,10,
06/08/2021,13,55,79,3,230,0*,8000*,10,
06/08/2021,14,35,80,6,190,0*,8000*,10,
06/08/2021,15,15,81,7,190,0*,8000*,10,
06/08/2021,15,55,80,0,0,0*,9500,10,either
06/08/2021,16,15,79,5,190,0*,9500,10,
06/08/2021,16,35,80,7,190,0*,9500,10,
06/08/2021,17,15,80,5,220,0*,9500*,10,
06/08/2021,17,35,80,3,230,0*,9500*,10,
06/08/2021,18,15,79,0,0,0,9500*,10,either
06/08/2021,18,35,79,0,0,0,9500*,10,either
06/08/2021,18,55,78,0,0,0,9500*,10,either
06/08/2021,19,15,78,0,0,0*,9500*,10,either
06/08/2021,19,35,76,0,0,0,9500*,10,either
06/08/2021,19,55,74,0,0,0*,9500*,10,either
06/08/2021,20,15,74,5,160,0*,9500*,10,
06/09/2021,06,55,70,0,0,0*,4600,7,either
06/09/2021,07,15,73,5,160,0*,4600,10,
06/09/2021,08,15,77,0,0,0*,4600*,10,either
06/09/2021,08,35,78,3,180,0*,4600*,10,
06/09/2021,08,55,79,0,0,0,4600*,10,either
06/09/2021,09,15,79,0,0,0,2700,10,either
06/09/2021,09,35,81,0,0,0*,2700,10,either
06/09/2021,10,15,82,0,0,0*,2900,10,either
06/09/2021,10,35,83,0,0,0*,3400,10,either
06/09/2021,10,55,84,3,150,0*,3400,10,
06/09/2021,12,35,85,0,0,0*,3800*,10,either
06/09/2021,13,55,86,0,0,0*,4600,10,either
06/09/2021,15,15,87,5,150,0*,4900,10,
06/09/2021,18,55,79,0,0,0,4700*,10,either
06/09/2021,19,15,77,0,0,0,4700*,10,either
06/09/2021,19,35,77,0,0,0*,4700*,10,either
06/09/2021,19,55,78,0,0,0,4700*,10,either
06/09/2021,20,15,76,0,0,0,4700*,10,either
06/09/2021,20,35,75,0,0,0,4700*,10,either
06/10/2021,10,35,82,5,170,18*,3200,10,
06/10/2021,10,55,81,5,160,18,3400,10,
06/10/2021,11,55,82,0,0,17*,6500,10,either
06/10/2021,12,55,84,0,0,17*,9000,10,either
06/10/2021,13,55,83,0,0,17*,4200,10,either
06/10/2021,14,55,86,5,150,17*,5000*,10,
06/10/2021,19,35,80,0,0,0,6000*,10,either
06/10/2021,19,55,79,0,0,0,6000*,10,either
06/10/2021,20,15,78,0,0,0,6000*,10,either
06/10/2021,20,35,77,0,0,0*,6000*,10,either
06/11/2021,04,35,62,0,0,0,12000*,10,either
06/11/2021,04,55,62,0,0,0,12000*,7,either
06/11/2021,05,15,62,0,0,0*,12000*,10,either
06/11/2021,05,35,62,3,150,0*,12000*,10,
06/11/2021,05,55,64,0,0,0,12000*,10,either
06/11/2021,06,15,65,0,0,0*,12000*,10,either
06/11/2021,06,35,68,0,0,0*,12000*,10,either
06/11/2021,07,15,71,0,0,0*,12000*,10,either
06/11/2021,09,15,78,0,0,0*,12000*,10,either
06/11/2021,09,55,81,3,150,0*,12000*,10,
06/11/2021,10,15,82,0,0,0*,12000*,10,either
06/11/2021,11,35,85,0,0,0*,12000*,10,either
06/11/2021,12,35,86,0,0,0*,4900,10,either
06/11/2021,13,15,89,5,50,0*,6000,10,
06/11/2021,13,35,88,3,40,0*,5500,10,
06/11/2021,14,55,87,0,0,0*,6500,10,either
06/11/2021,15,55,88,3,150,0*,6500,10,
06/11/2021,16,15,87,0,0,0*,6000,10,either
06/11/2021,18,55,69,5,30,20*,7000,10,
06/11/2021,20,15,69,0,0,0,12000*,10,either
06/11/2021,20,35,68,0,0,0*,12000*,10,either
06/12/2021,16,35,85,0,0,0*,7000,10,either
06/12/2021,18,15,84,0,0,0*,4900*,10,either
06/12/2021,19,55,74,0,0,0,12000,10,either
06/12/2021,20,15,73,0,0,0,12000,10,either
06/12/2021,20,35,73,0,0,0*,12000,10,either
06/14/2021,06,55,60,0,0,18*,8500,10,either
06/14/2021,07,15,61,0,0,0,8500,10,either
06/14/2021,07,35,61,0,0,0,8500,10,either
06/14/2021,07,55,62,0,0,0*,8500,10,either
06/14/2021,08,35,64,0,0,0*,7500,10,either
06/14/2021,19,55,64,0,0,0,11000,10,either
06/14/2021,20,15,63,0,0,0,11000,10,either
06/14/2021,20,35,64,0,0,0*,12000,10,either
06/15/2021,04,35,56,0,0,0,5000*,10,either
06/15/2021,04,55,56,0,0,0,5000*,10,either
06/15/2021,05,15,56,0,0,0*,5000*,10,either
06/15/2021,05,55,57,0,0,0*,5000*,10,either
06/16/2021,05,15,45,0,0,0*,6500*,10,either
06/16/2021,05,35,46,0,0,0*,6500*,10,either
06/16/2021,05,55,47,0,0,0*,6500*,10,either
06/16/2021,06,15,49,0,0,0*,6500*,10,either
06/16/2021,06,35,52,0,0,0*,6500*,10,either
06/16/2021,06,55,56,0,0,0*,6500*,10,either
06/16/2021,07,55,60,0,0,0*,6500*,10,either
06/16/2021,08,15,62,0,0,0*,6500*,10,either
06/16/2021,09,35,67,0,0,0*,6500*,10,either
06/16/2021,10,35,69,5,30,0*,6500*,10,
06/17/2021,04,35,48,0,0,0*,7000*,10,either
06/17/2021,05,35,48,0,0,0*,7000*,10,either
06/17/2021,06,15,52,0,0,0*,7000*,10,either
06/17/2021,06,35,54,0,0,0*,7000*,10,either
06/17/2021,06,55,57,3,160,0*,7000*,10,
06/17/2021,07,15,61,0,0,0*,7000*,10,either
06/17/2021,07,35,64,0,0,0,7000*,10,either
06/17/2021,07,55,64,0,0,0*,7000*,10,either
06/17/2021,08,15,66,0,0,0*,7000*,10,either
06/17/2021,11,15,78,0,0,0*,7000*,10,either
06/17/2021,12,35,81,5,180,0*,7220*,10,
06/17/2021,12,55,81,5,220,0*,7220*,10,
06/17/2021,14,15,81,5,230,0*,7220*,10,
06/17/2021,16,15,82,0,0,0*,7220*,10,either
06/17/2021,16,55,82,5,220,0*,7220*,10,
06/17/2021,17,15,82,5,230,0*,7220*,10,
06/17/2021,18,15,82,5,220,0*,7220*,10,
06/17/2021,18,35,82,0,0,0,12000,10,either
06/17/2021,18,55,81,0,0,0*,12000,10,either
06/17/2021,19,15,81,3,220,0*,12000*,10,
06/17/2021,19,35,79,0,0,0*,12000*,10,either
06/17/2021,19,55,75,3,160,0*,11000,10,
06/17/2021,20,15,73,3,180,0*,11000,10,
06/17/2021,20,35,75,0,0,0*,11000,10,either
06/18/2021,05,15,64,5,10,0*,11000,10,
06/18/2021,05,35,63,0,0,0,12000,10,either
06/18/2021,05,55,63,0,0,0,11000,10,either
06/19/2021,04,35,68,0,0,0*,7500*,10,either
06/19/2021,05,15,68,3,150,0*,7500*,10,
06/19/2021,05,55,67,5,180,0*,7500*,10,
06/19/2021,06,15,68,5,150,0*,10000,10,
06/19/2021,06,35,69,0,0,0*,11000,10,either
06/19/2021,06,55,69,3,220,0*,11000,10,
06/19/2021,10,55,63,0,0,0*,3100,10,either
06/19/2021,13,15,64,0,0,20*,4800,10,either
06/19/2021,13,35,66,0,0,20*,4600,10,either
06/19/2021,13,55,67,0,0,20*,10000,10,either
06/19/2021,15,55,70,3,20,20*,2100,10,
06/19/2021,16,35,71,0,0,20*,3700,10,either
06/19/2021,18,55,72,0,0,20*,4800,10,either
06/20/2021,06,35,61,0,0,0,2900,5,either
06/20/2021,06,55,62,0,0,0,2900,5,either
06/20/2021,07,15,63,0,0,0*,2900*,7,either
06/20/2021,07,35,65,0,0,0*,3000,10,either
06/20/2021,09,15,72,0,0,0*,2900,10,either
06/20/2021,10,15,75,3,200,0*,2200,10,
06/20/2021,10,35,76,0,0,0,2600,10,either
06/20/2021,10,55,77,0,0,0*,2600,10,either
06/20/2021,11,55,79,0,0,0,2600*,10,either
06/20/2021,12,15,80,0,0,0*,2600*,10,either
06/20/2021,12,35,79,0,0,0*,2600*,10,either
06/20/2021,13,35,82,0,0,0*,2600*,10,either
06/20/2021,16,15,81,0,0,0*,4800*,10,either
06/20/2021,16,35,81,0,0,0*,4800*,10,either
06/20/2021,16,55,80,0,0,0*,4800*,10,either
06/20/2021,18,35,80,0,0,0*,4800*,10,either
06/20/2021,18,55,78,0,0,0,4800*,10,either
06/20/2021,19,15,76,0,0,0*,4800*,10,either
06/20/2021,19,55,75,0,0,0*,11000,10,either
06/20/2021,20,15,73,5,160,0*,7000,10,
06/22/2021,04,35,42,0,0,18*,3200*,10,either
06/22/2021,04,55,41,0,0,0,3200*,10,either
06/22/2021,05,15,41,0,0,0,3200*,10,either
06/22/2021,05,35,41,0,0,0*,3200*,10,either
06/22/2021,05,55,42,0,0,0*,3200*,10,either
06/22/2021,06,35,48,5,30,0*,3200*,10,
06/22/2021,10,35,61,0,0,0*,3200*,10,either
06/22/2021,11,55,63,5,190,0*,5000,10,
06/22/2021,12,15,64,0,0,0*,5000,10,either
06/22/2021,19,55,62,0,0,18*,6500*,10,either
06/22/2021,20,15,60,0,0,18*,6500*,10,either
06/22/2021,20,35,57,0,0,18*,6500*,10,either
06/23/2021,04,35,51,5,170,0*,6500,10,
06/23/2021,05,35,54,0,0,0*,6000,10,either
06/23/2021,06,35,56,11,190,0*,6000,10,
06/23/2021,06,55,57,8,190,0*,6000,10,
06/23/2021,09,35,60,5,150,0*,5000,10,
06/23/2021,12,35,64,5,160,20*,3200,10,
06/23/2021,13,15,63,0,0,20*,3000,10,either
06/23/2021,13,35,63,3,150,20*,4300,10,
06/23/2021,18,15,70,5,180,18*,6500,10,
06/24/2021,04,55,60,0,0,0*,9000*,10,either
06/24/2021,17,35,69,0,0,0,5500,10,either
06/24/2021,17,55,70,0,0,0*,4800,10,either
06/24/2021,18,15,70,3,230,0*,4800,10,
06/24/2021,19,35,69,5,150,0*,4200*,10,
06/26/2021,06,55,71,0,0,0*,6000,7,either
06/26/2021,08,35,72,8,190,0*,2700,10,
06/26/2021,09,15,73,9,190,0*,3000,10,
06/28/2021,06,55,68,5,10,0*,10000,10,
06/28/2021,07,15,69,0,0,0*,10000,10,either
06/28/2021,07,55,70,0,0,0*,6500,10,either
06/28/2021,08,35,71,3,150,0*,4100*,10,
06/28/2021,08,55,72,0,0,0*,3200,10,either
06/28/2021,09,15,74,3,160,0*,3200,10,
06/28/2021,09,55,75,3,230,0*,3200,10,
06/28/2021,10,35,76,5,160,0*,3200,10,
06/28/2021,11,15,77,0,0,0,2600,10,either
06/28/2021,11,35,79,0,0,0*,2600*,10,either
06/28/2021,11,55,80,3,170,0*,8500,10,
06/28/2021,12,15,80,3,170,16,2100,10,
06/28/2021,12,55,82,5,160,16*,2300,10,
06/28/2021,13,15,82,0,0,0,2500,10,either
06/28/2021,13,35,84,0,0,0*,2700,10,either
06/28/2021,14,15,84,3,210,0*,2900,10,
06/28/2021,14,55,84,3,220,0*,2900,10,
06/28/2021,15,35,83,6,190,0*,3300,10,
06/28/2021,15,55,82,0,0,0*,3300,10,either
06/28/2021,16,15,84,5,210,0*,3100,10,
06/28/2021,16,35,85,7,190,0*,3100*,10,
06/28/2021,18,55,76,0,0,0,3600,10,either
06/28/2021,19,15,77,0,0,0,12000,10,either
06/28/2021,19,35,75,0,0,0,12000,10,either
06/28/2021,19,55,73,0,0,0,5000,10,either
06/28/2021,20,15,74,0,0,0*,5000,10,either
06/28/2021,20,35,73,5,150,0*,3500,7,
06/29/2021,04,35,71,3,150,0*,5000,10,
06/29/2021,04,55,70,3,170,0*,12000,10,
06/29/2021,05,35,69,3,150,0*,12000,10,
06/29/2021,07,15,72,6,190,0*,12000*,10,
06/29/2021,07,35,73,3,210,0*,12000*,10,
06/29/2021,07,55,75,5,210,0*,12000*,10,
06/29/2021,08,35,78,0,0,0*,12000*,10,either
06/29/2021,08,55,80,3,220,0*,12000*,10,
06/29/2021,14,55,79,3,190,16*,5500*,10,
06/29/2021,15,15,81,0,0,16*,5500*,10,either
06/29/2021,18,35,78,0,0,20*,7220,10,either
06/29/2021,18,55,77,3,230,20*,7220,10,
06/29/2021,19,15,77,0,0,0,7220*,10,either
06/29/2021,19,35,76,0,0,0,7220*,10,either
06/29/2021,19,55,76,0,0,0,7220*,10,either
06/29/2021,20,15,76,0,0,0,7220*,10,either
06/29/2021,20,35,76,0,0,0,2800,10,either
06/30/2021,05,35,70,0,0,0,12000,10,either
06/30/2021,05,55,70,0,0,0,12000,10,either
06/30/2021,06,15,70,0,0,0*,11000,10,either
07/02/2021,20,15,67,0,0,0*,7220,10,either
07/03/2021,04,35,53,0,0,0,10000,10,either
07/03/2021,04,55,54,0,0,0,7220,10,either
07/03/2021,05,15,53,0,0,0*,9000,10,either
07/03/2021,06,15,55,0,0,0*,8000,10,either
07/03/2021,06,55,59,0,0,0*,8000,10,either
07/03/2021,08,15,61,0,0,0*,8000,10,either
07/03/2021,08,55,63,5,210,0*,7000,10,
07/04/2021,04,55,63,0,0,0*,7220*,7,either
07/04/2021,05,15,62,0,0,0*,7220*,5,either
07/04/2021,05,55,64,0,0,0*,7220*,5,either
07/04/2021,07,55,70,0,0,0*,7220*,7,either
07/04/2021,08,15,72,0,0,0*,7220*,7,either
07/04/2021,09,15,75,0,0,0*,7220*,10,either
07/04/2021,09,35,77,5,200,0*,7220*,10,
07/04/2021,10,15,80,0,0,0*,7220*,10,either
07/05/2021,04,35,70,3,230,0*,7220*,10,
07/05/2021,04,55,70,3,230,0*,7220*,10,
07/05/2021,05,15,70,3,230,0*,7220*,10,
07/05/2021,05,55,71,3,220,0*,7220*,5,
07/05/2021,06,15,71,5,230,0*,7220*,5,
07/05/2021,06,35,72,3,230,0*,7220*,5,
07/05/2021,06,55,73,5,230,0*,7220*,5,
07/05/2021,19,15,84,6,190,0*,5000*,10,
07/05/2021,19,55,83,5,190,0*,5000*,10,
07/05/2021,20,15,81,5,160,0*,5000*,10,
07/05/2021,20,35,81,3,200,0*,5000*,10,
07/06/2021,04,35,74,3,230,0*,5000,10,
07/06/2021,04,55,74,5,220,0*,7500,10,
07/06/2021,19,15,84,5,40,20*,4400,10,
07/06/2021,19,35,83,0,0,0,4600,10,either
07/06/2021,19,55,82,0,0,0*,4600*,10,either
07/06/2021,20,35,80,0,0,0,7000,10,either
07/07/2021,04,35,68,0,0,0,5500*,7,either
07/07/2021,04,55,69,0,0,0,5500*,7,either
07/07/2021,05,15,69,0,0,0,4200,7,either
07/07/2021,05,35,70,0,0,0*,4200,5,either
07/07/2021,05,55,71,3,220,0*,4400,5,
07/07/2021,06,15,71,3,230,0*,4600,5,
07/07/2021,08,15,77,5,230,0*,4600*,10,
07/07/2021,11,55,83,5,200,0*,3700,10,
07/07/2021,20,35,70,0,0,0,11000,7,either
07/08/2021,04,35,65,0,0,0*,3200,7,either
07/08/2021,04,55,66,3,20,0*,2000,7,
07/10/2021,04,55,54,0,0,0*,7220,10,either
07/10/2021,05,15,53,7,190,0*,7220,7,
07/10/2021,06,35,57,0,0,0*,7220,10,either
07/10/2021,06,55,58,0,0,0*,7220,10,either
07/10/2021,07,15,60,3,160,0*,7220,10,
07/10/2021,07,35,62,3,150,0*,7220,10,
07/10/2021,07,55,63,5,150,0*,7220,10,
07/10/2021,08,15,64,0,0,0*,7220,10,either
07/10/2021,13,16,73,5,150,0,3000*,10,
07/10/2021,13,16,73,5,150,0*,7220,10,
07/10/2021,19,15,70,3,50,0*,6000,10,
07/11/2021,05,35,62,0,0,0,11000,10,either
07/11/2021,05,55,62,0,0,0*,11000,10,either
07/11/2021,06,35,63,3,40,0*,10000,10,
07/13/2021,12,15,78,5,220,18,2500,10,
07/13/2021,16,55,69,5,220,0*,9000*,10,
07/13/2021,19,35,72,3,200,0*,3600,10,
07/13/2021,19,55,71,3,210,0*,3200,10,
07/13/2021,20,35,70,0,0,0*,2100,10,either
07/14/2021,09,15,74,3,220,0*,7000,10,
07/14/2021,09,35,76,5,210,0*,7000,10,
07/14/2021,12,55,81,0,0,0*,3600,10,either
07/14/2021,13,15,81,5,220,0*,3600,10,
07/14/2021,13,35,80,5,220,0*,3800,10,
07/14/2021,14,15,82,5,230,0*,4000,10,
07/14/2021,14,35,83,5,220,0*,4400,10,
07/14/2021,16,15,81,5,230,0*,5000,10,
07/14/2021,16,35,81,3,210,0*,5000,10,
07/14/2021,17,35,80,3,220,0*,3800,10,
07/14/2021,17,55,80,0,0,0*,3800,10,either
07/14/2021,18,15,79,5,230,0*,3800,10,
07/14/2021,18,35,79,3,230,0*,3800*,10,
07/14/2021,18,55,78,0,0,0,3800*,10,either
07/14/2021,19,15,78,0,0,0,3800*,10,either
07/14/2021,19,35,77,0,0,0,3800*,10,either
07/14/2021,19,55,76,0,0,0*,3800*,10,either
07/14/2021,20,15,74,0,0,0*,3800*,10,either
07/14/2021,20,35,72,0,0,0*,3800*,10,either
07/15/2021,04,55,72,8,190,0,12000*,10,
07/15/2021,05,35,72,9,190,0,12000*,10,
07/15/2021,05,55,73,9,190,0*,12000*,10,
07/15/2021,06,35,73,8,190,0*,12000*,10,
07/15/2021,06,55,73,7,190,0*,12000*,10,
07/16/2021,04,55,65,0,0,0*,2800,10,either
07/16/2021,05,35,65,3,50,0*,2600,10,
07/18/2021,14,35,81,5,10,17*,4800,10,
07/18/2021,14,55,81,0,0,17*,4800*,10,either
07/18/2021,15,15,81,0,0,17*,4800*,10,either
07/18/2021,16,15,80,0,0,17*,4800*,10,either
07/18/2021,16,35,80,0,0,17*,4800*,10,either
07/18/2021,17,15,80,0,0,17*,4800*,10,either
07/18/2021,17,35,80,0,0,17*,5000,10,either
07/18/2021,17,55,78,0,0,17*,5000,10,either
07/18/2021,18,15,79,0,0,17*,5000,10,either
07/18/2021,18,55,77,3,30,17*,5000*,10,
07/18/2021,19,15,76,0,0,17*,5000*,10,either
07/18/2021,19,35,73,0,0,17*,5000*,10,either
07/18/2021,19,55,72,0,0,17*,5000*,10,either
07/18/2021,20,15,70,0,0,17*,5000*,10,either
07/18/2021,20,35,69,0,0,17*,5000*,10,either
07/19/2021,04,55,60,0,0,17*,12000,5,either
07/19/2021,05,15,60,0,0,17*,12000,7,either
07/19/2021,05,35,60,0,0,17*,12000*,5,either
07/19/2021,06,15,64,0,0,17*,11000,10,either
07/19/2021,06,35,62,0,0,17*,11000*,7,either
07/19/2021,06,55,63,0,0,17*,11000*,10,either
07/19/2021,07,15,65,0,0,17*,7000,10,either
07/19/2021,20,15,76,0,0,16*,5000*,10,either
07/19/2021,20,35,75,0,0,16*,5000*,10,either
07/20/2021,05,55,65,5,20,16*,3900,10,
07/20/2021,06,15,64,5,40,16*,3900*,10,
07/20/2021,07,35,67,5,30,16*,3900*,10,
07/21/2021,06,55,61,5,10,17*,4000,10,
07/21/2021,07,35,62,0,0,17*,5000,10,either
07/21/2021,15,15,72,5,50,18*,5000,10,
07/21/2021,19,15,67,5,40,20*,5000*,10,
07/21/2021,19,35,66,3,40,20*,5000*,10,
07/21/2021,20,35,62,0,0,20*,5000*,10,either
07/22/2021,04,55,54,0,0,20*,5000*,10,either
07/22/2021,05,15,54,0,0,20*,5000*,10,either
07/22/2021,05,35,54,0,0,20*,5000*,10,either
07/22/2021,05,55,54,0,0,20*,5000*,10,either
07/22/2021,06,15,56,0,0,20*,5000*,10,either
07/22/2021,06,35,57,0,0,20*,5000*,10,either
07/22/2021,06,55,59,0,0,20*,5000*,10,either
07/22/2021,07,15,59,0,0,20*,5000*,10,either
07/22/2021,07,35,62,0,0,20*,5000*,10,either
07/22/2021,07,55,65,3,160,20*,5000*,10,
07/22/2021,08,15,67,0,0,20*,5000*,10,either
07/22/2021,08,35,68,5,150,20*,5000*,10,
07/22/2021,10,15,72,5,150,20*,5000*,10,
07/22/2021,10,35,73,5,160,20*,5000*,10,
07/22/2021,10,55,74,5,220,20*,5000*,10,
07/22/2021,15,55,77,3,220,20*,4900*,10,
07/22/2021,17,55,76,3,230,20*,4900,10,
07/22/2021,18,35,75,3,210,20*,4900*,10,
07/22/2021,20,15,69,5,150,20*,4900*,10,
07/23/2021,04,55,65,3,150,20*,2400,10,
07/23/2021,05,55,62,0,0,20*,2700,7,either
07/23/2021,06,35,61,3,170,20*,10000,10,
07/23/2021,06,55,61,0,0,20*,5000,10,either
07/23/2021,07,15,61,3,160,20*,4600,10,
07/23/2021,07,35,62,0,0,20*,9000,10,either
07/23/2021,07,55,62,0,0,20*,7500,10,either
07/23/2021,08,15,63,5,160,20*,6000,10,
07/23/2021,14,35,77,5,220,16*,2300,10,
07/23/2021,15,35,77,10,190,16*,2300,10,
07/23/2021,16,15,78,3,160,16,2500,10,
07/23/2021,16,55,77,5,170,16*,2300,10,
07/23/2021,17,35,75,5,160,16*,2300*,10,
07/23/2021,17,55,75,0,0,16*,2000,10,either
07/23/2021,18,35,73,5,200,16*,2200,7,
07/23/2021,19,55,71,0,0,16*,5000*,5,either
07/23/2021,20,15,70,3,170,16*,5000*,7,
07/23/2021,20,35,70,5,180,16*,7000,7,
07/24/2021,05,15,71,3,210,16*,2400,5,
07/24/2021,05,55,71,0,0,16*,2200,7,either
07/24/2021,06,15,71,5,190,16*,2200*,5,
07/26/2021,19,35,80,0,0,18*,7000*,10,either
07/26/2021,19,55,77,0,0,18*,7000*,10,either
07/26/2021,20,15,76,0,0,18*,7000*,10,either
07/26/2021,20,35,75,0,0,18*,7000*,10,either
07/27/2021,06,35,69,5,230,18*,7000*,10,
07/27/2021,14,15,81,0,0,16*,4500,10,either
07/27/2021,14,35,81,0,0,16*,4300,10,either
07/27/2021,14,55,82,0,0,16*,4300,10,either
07/27/2021,15,15,83,0,0,16*,4300,10,either
07/27/2021,16,35,84,5,230,16*,4100*,10,
07/27/2021,19,55,76,0,0,16*,5000*,10,either
07/27/2021,20,15,75,0,0,16*,5000*,10,either
07/28/2021,04,55,62,0,0,16*,8500*,5,either
07/28/2021,05,15,62,0,0,16*,8500*,7,either
07/28/2021,06,35,64,0,0,16*,8500*,7,either
07/28/2021,07,55,70,3,30,16*,8500*,10,
07/28/2021,08,15,71,0,0,16*,8500*,10,either
07/28/2021,08,35,73,0,0,16*,8500*,10,either
07/28/2021,09,55,77,5,40,16*,8500*,10,
07/28/2021,10,15,78,0,0,16*,8500*,10,either
07/28/2021,11,35,81,0,0,16*,8500*,10,either
07/28/2021,11,55,80,5,50,16*,8500*,10,
07/28/2021,13,55,84,0,0,16*,6500,10,either
07/28/2021,14,15,85,0,0,16*,4900,10,either
07/28/2021,14,35,83,0,0,16*,4900,10,either
07/28/2021,14,55,83,0,0,16*,4900,10,either
07/28/2021,15,15,84,0,0,16*,4900,10,either
07/28/2021,15,35,84,0,0,16*,4900,10,either
07/28/2021,15,55,83,0,0,16*,4700,10,either
07/28/2021,16,15,83,0,0,16*,4700,10,either
07/28/2021,16,35,82,0,0,16*,4900,10,either
07/28/2021,16,55,82,0,0,16*,4600,10,either
07/28/2021,17,15,82,0,0,16*,4600,10,either
07/28/2021,17,35,82,0,0,16*,4600,10,either
07/28/2021,17,55,81,0,0,16*,4600*,10,either
07/28/2021,18,15,81,0,0,16*,4600*,10,either
07/28/2021,18,35,79,0,0,16*,4600*,10,either
07/28/2021,18,55,77,0,0,16*,4600*,10,either
07/29/2021,14,15,83,0,0,18*,3100,10,either
07/30/2021,11,15,68,0,0,20*,2400,10,either
07/30/2021,14,55,72,5,10,20*,4700,10,
07/31/2021,20,15,68,3,220,17*,7220,10,
08/01/2021,05,15,58,0,0,17*,10000,7,either
08/02/2021,13,15,71,0,0,16*,4900,10,either
08/02/2021,14,55,73,5,50,16*,5000,10,
08/02/2021,15,35,76,0,0,16*,5000*,10,either
08/02/2021,15,55,75,5,30,16*,6000,10,
08/02/2021,16,35,75,0,0,16*,9000,10,either
08/02/2021,16,55,76,0,0,16*,5500,10,either
08/02/2021,17,35,72,3,40,16*,5500,10,
08/02/2021,19,35,70,0,0,16*,9500*,10,either
08/02/2021,19,55,68,0,0,16*,5500,10,either
08/03/2021,05,15,54,0,0,16*,9500*,7,either
08/03/2021,05,35,54,0,0,16*,9500*,10,either
08/03/2021,05,55,54,0,0,16*,9500*,10,either
08/03/2021,06,15,54,0,0,16*,9500*,5,either
08/03/2021,06,55,56,0,0,16*,9500*,5,either
08/03/2021,07,15,58,0,0,16*,9500*,10,either
08/03/2021,07,35,62,0,0,16*,9500*,10,either
08/03/2021,07,55,63,0,0,16*,9500*,10,either
08/03/2021,08,15,65,0,0,16*,9500*,10,either
08/03/2021,08,35,67,0,0,16*,9500*,10,either
08/03/2021,15,15,78,5,200,16*,6500,10,
08/03/2021,15,35,78,5,160,16*,6500,10,
08/03/2021,16,15,78,3,190,16*,6500,10,
08/03/2021,17,15,77,3,220,16*,6500,10,
08/03/2021,19,15,74,0,0,16*,6500*,10,either
08/03/2021,19,35,70,0,0,16*,6500*,10,either
08/03/2021,19,55,67,0,0,16*,6500*,10,either
08/04/2021,06,55,57,0,0,16*,5500,10,either
08/04/2021,07,15,58,0,0,16*,5500,7,either
08/04/2021,07,35,62,0,0,16*,5500,10,either
08/04/2021,07,55,66,5,50,16*,5500*,10,
08/04/2021,10,15,75,0,0,16*,5500*,10,either
08/04/2021,13,35,80,5,220,16*,5500,10,
08/04/2021,14,35,81,0,0,16*,5500,10,either
08/04/2021,15,35,79,0,0,16*,5500,10,either
08/04/2021,15,55,80,0,0,16*,5500,10,either
08/04/2021,16,35,80,0,0,16*,5500,10,either
08/04/2021,19,35,75,0,0,16*,5500*,10,either
08/04/2021,19,55,69,5,190,16*,5500*,10,
08/04/2021,20,15,69,5,170,16*,5500*,10,
08/05/2021,05,15,58,0,0,16*,5500*,10,either
08/05/2021,05,35,58,0,0,16*,5500*,7,either
08/05/2021,05,55,58,0,0,16*,5500*,7,either
08/05/2021,06,15,58,0,0,16*,5500*,5,either
08/05/2021,06,55,60,0,0,16*,5500*,5,either
08/05/2021,07,15,62,0,0,16*,5500*,7,either
08/05/2021,07,35,65,0,0,16*,5500*,10,either
08/05/2021,07,55,66,0,0,16*,5500*,10,either
08/05/2021,08,15,68,0,0,16*,5500*,10,either
08/05/2021,09,15,75,0,0,16*,5500*,10,either
08/05/2021,09,35,76,3,200,16*,5500*,10,
08/05/2021,09,55,77,0,0,16*,5500*,10,either
08/05/2021,10,15,78,0,0,16*,5500*,10,either
08/05/2021,10,55,79,0,0,16*,5500*,10,either
08/05/2021,11,55,81,5,230,16*,4700,10,
08/05/2021,12,35,80,0,0,16*,4900,10,either
08/05/2021,16,35,82,3,220,16*,9000,10,
08/05/2021,16,55,81,0,0,16*,10000,10,either
08/05/2021,17,15,82,0,0,16*,10000*,10,either
08/05/2021,17,35,81,5,220,16*,10000*,10,
08/05/2021,17,55,80,0,0,16*,10000*,10,either
08/05/2021,18,15,79,0,0,16*,10000*,10,either
08/05/2021,18,35,79,0,0,16*,10000*,10,either
08/05/2021,18,55,78,0,0,16*,10000*,10,either
08/05/2021,19,15,77,0,0,16*,10000*,10,either
08/05/2021,19,35,76,0,0,16*,10000*,10,either
08/05/2021,19,55,72,0,0,16*,10000*,10,either
08/05/2021,20,15,71,0,0,16*,10000*,10,either
08/06/2021,05,15,63,0,0,16*,6000,10,either
08/06/2021,05,35,62,0,0,16*,6000,10,either
08/06/2021,05,55,62,0,0,16*,6000,10,either
08/06/2021,06,15,62,0,0,16*,7000,10,either
08/06/2021,08,55,71,5,180,16*,11000,10,
08/06/2021,09,15,72,5,180,16*,10000,10,
08/06/2021,09,35,72,3,190,16*,10000,10,
08/06/2021,09,55,74,0,0,16*,11000,10,either
08/06/2021,12,35,78,5,200,16*,8000,10,
08/06/2021,15,55,79,3,200,18*,4300,10,
08/06/2021,17,35,68,5,220,18*,4200,10,
08/06/2021,19,15,67,5,160,18*,12000,10,
08/07/2021,05,15,65,5,200,18*,12000,10,
08/07/2021,05,55,65,5,40,18*,12000,10,
08/07/2021,12,15,76,3,230,18*,2100,10,
08/07/2021,12,35,78,3,230,18*,2300,10,
08/07/2021,13,35,79,3,230,18*,2800,10,
08/07/2021,14,15,81,0,0,18*,3300*,10,either
08/07/2021,15,15,82,0,0,18*,3300,10,either
08/07/2021,15,35,81,0,0,18*,3500,10,either
08/07/2021,17,55,81,0,0,18*,3700*,10,either
08/07/2021,18,15,80,0,0,18*,3700*,10,either
08/07/2021,18,35,80,0,0,18*,3700*,10,either
08/07/2021,18,55,78,0,0,18*,3700*,10,either
08/07/2021,19,15,77,0,0,18*,3700*,10,either
08/07/2021,19,35,75,0,0,18*,3700*,10,either
08/07/2021,19,55,73,0,0,18*,3700*,10,either
08/07/2021,20,15,71,3,170,18*,3700*,10,
08/08/2021,05,15,71,5,180,18*,3000,7,
08/08/2021,07,55,73,5,210,18*,3600*,10,
08/08/2021,09,15,76,5,210,18*,3600*,10,
08/08/2021,09,55,77,5,210,18*,3600*,10,
08/08/2021,10,15,77,0,0,18*,3600*,10,either
08/08/2021,11,35,79,3,190,18*,3600*,10,
08/08/2021,12,15,82,5,170,17*,3600*,10,
08/08/2021,12,35,84,5,170,17*,3600*,10,
08/08/2021,12,55,83,3,190,17*,3600*,10,
08/08/2021,13,15,83,5,180,16,3600,10,
08/08/2021,13,55,84,5,160,16*,3400*,10,
08/08/2021,14,55,85,5,170,17*,3400*,10,
08/08/2021,15,35,85,5,190,17*,3400*,10,
08/08/2021,16,35,84,5,160,17*,3700,10,
08/08/2021,17,15,83,5,170,18*,3700*,10,
08/08/2021,17,35,83,5,170,18,3700,10,
08/08/2021,18,35,82,5,160,18*,3900*,10,
08/08/2021,18,55,81,0,0,18*,3900*,10,either
08/08/2021,19,15,80,3,160,18*,3900*,10,
08/08/2021,19,35,79,0,0,18*,3900*,10,either
08/08/2021,19,55,78,0,0,18*,3900*,10,either
08/08/2021,20,15,78,0,0,18*,3900*,10,either
08/09/2021,10,55,82,5,170,17,3900*,10,
08/09/2021,14,55,83,5,180,16*,3600,10,
08/09/2021,15,35,83,5,190,17*,3400,10,
08/11/2021,05,55,68,3,220,18*,2600*,10,
08/11/2021,06,55,70,5,170,18*,2600*,10,
08/11/2021,09,35,78,5,190,18*,7000*,10,
08/11/2021,11,15,83,0,0,18*,7000*,10,either
08/11/2021,11,35,83,5,170,18*,7000*,10,
08/11/2021,18,55,75,10,190,16,11000*,10,
08/12/2021,17,55,82,0,0,16*,3500,10,either
08/12/2021,18,15,81,0,0,16*,3100,10,either
08/12/2021,18,35,80,5,220,16*,2700,10,
08/12/2021,19,35,77,3,220,16*,4300,10,
08/12/2021,19,55,76,5,210,16*,4300*,10,
08/14/2021,05,15,56,0,0,18*,4800*,10,either
08/14/2021,05,35,55,0,0,18*,4800*,10,either
08/14/2021,05,55,55,0,0,18*,4800*,10,either
08/14/2021,06,15,55,0,0,18*,4800*,10,either
08/14/2021,06,35,55,0,0,18*,4800*,10,either
08/14/2021,06,55,58,0,0,18*,4800*,10,either
08/14/2021,07,56,62,0,0,18*,4800*,10,either
08/14/2021,08,15,64,0,0,18*,4800*,10,either
08/14/2021,08,35,65,3,30,18*,4800*,10,
08/14/2021,08,55,67,0,0,18*,4800*,10,either
08/14/2021,10,35,71,5,30,18*,4800*,10,
08/14/2021,11,15,73,3,20,18*,4800*,10,
08/14/2021,12,15,74,5,150,18*,4800*,10,
08/14/2021,13,15,74,5,40,18*,6500,10,
08/14/2021,14,35,74,3,30,18*,6500,10,
08/14/2021,15,55,75,0,0,18*,6500*,10,either
08/14/2021,18,15,72,5,50,18*,6500*,10,
08/14/2021,18,35,71,5,50,18*,6500*,10,
08/14/2021,18,55,70,3,50,18*,6500*,10,
08/14/2021,19,15,68,5,180,18*,6500*,10,
08/14/2021,19,35,65,5,180,18*,6500*,10,
08/14/2021,19,55,63,0,0,18*,6500*,10,either
08/15/2021,05,55,51,0,0,18*,6500*,10,either
08/15/2021,07,05,55,0,0,18*,6500*,10,either
08/15/2021,07,15,56,0,0,18*,6500*,10,either
08/15/2021,07,35,60,0,0,18*,6500*,10,either
08/15/2021,07,55,63,0,0,18*,6500*,10,either
08/15/2021,08,15,65,0,0,18*,6500*,10,either
08/15/2021,08,35,66,0,0,18*,6500*,10,either
08/15/2021,08,55,67,3,150,18*,6500*,10,
08/15/2021,09,15,69,0,0,18*,6500*,10,either
08/15/2021,09,55,70,0,0,18*,6500*,10,either
08/15/2021,10,35,72,3,50,18*,6500*,10,
08/15/2021,10,55,73,5,150,18*,6500*,10,
08/15/2021,11,35,74,5,150,18*,6500*,10,
08/15/2021,12,15,75,5,40,18*,5000,10,
08/15/2021,12,35,74,3,50,18*,5000,10,
08/15/2021,15,15,76,5,40,18*,6000,10,
08/15/2021,18,35,72,0,0,18*,5500*,10,either
08/15/2021,19,15,71,0,0,18*,5500*,10,either
08/15/2021,19,35,69,0,0,18*,5500*,10,either
08/15/2021,19,55,67,0,0,18*,5500*,10,either
08/16/2021,05,35,54,0,0,18*,5500*,10,either
08/16/2021,05,55,55,0,0,18*,5500*,10,either
08/16/2021,06,15,55,0,0,18*,5500*,10,either
08/16/2021,06,35,56,0,0,18*,5500*,10,either
08/16/2021,06,55,56,0,0,18*,5500*,10,either
08/16/2021,07,15,58,0,0,18*,5500*,10,either
08/16/2021,07,55,61,0,0,18*,5500*,10,either
08/16/2021,08,15,62,3,50,18*,5500*,10,
08/16/2021,08,35,62,5,40,18*,5500*,10,
08/16/2021,08,55,64,0,0,18*,5500*,10,either
08/16/2021,09,55,69,5,40,18*,2500*,10,
08/16/2021,10,55,70,5,30,18*,2600,10,
08/16/2021,13,55,74,5,50,18*,2900,10,
08/16/2021,19,55,67,5,160,18*,3200*,10,
08/17/2021,10,55,74,0,0,0*,2000,10,either
08/17/2021,11,55,77,5,160,0*,2400,10,
08/17/2021,13,15,80,3,200,0*,4000*,10,
08/17/2021,13,35,78,0,0,0*,3900,10,either
08/17/2021,13,55,79,3,220,0*,3700,10,
08/17/2021,14,15,79,3,230,0*,3700,10,
08/17/2021,14,55,80,0,0,0,4900,10,either
08/17/2021,15,15,81,0,0,0*,4900,10,either
08/17/2021,15,35,79,5,210,0*,6000,10,
08/17/2021,15,55,82,5,190,0*,6000,10,
08/17/2021,16,15,81,5,150,0*,6000,10,
08/17/2021,16,35,80,0,0,0*,6000,10,either
08/17/2021,16,55,80,5,160,0*,6000,10,
08/17/2021,17,35,79,3,150,0*,3600,10,
08/17/2021,17,55,79,0,0,0,4200,10,either
08/17/2021,18,15,78,0,0,0,4200*,10,either
08/17/2021,18,35,78,0,0,0,4200*,10,either
08/17/2021,18,55,76,0,0,0,4200*,10,either
08/17/2021,19,15,75,0,0,0*,4200*,10,either
08/17/2021,19,35,72,0,0,0,4200*,10,either
08/17/2021,19,55,71,0,0,0*,4200*,10,either
08/18/2021,12,55,81,5,50,0*,3200,10,
08/18/2021,13,35,80,5,30,0*,3400,10,
08/18/2021,13,55,80,0,0,0*,3400,10,either
08/18/2021,14,15,82,0,0,0*,3600,10,either
08/18/2021,14,35,82,0,0,0*,3900,10,either
08/18/2021,14,55,82,0,0,0*,3900,10,either
08/18/2021,15,15,82,0,0,0*,3900*,10,either
08/18/2021,15,35,82,0,0,0*,3900*,10,either
08/18/2021,15,55,83,0,0,0*,5000,10,either
08/18/2021,16,15,82,3,40,0*,4800,10,
08/18/2021,16,55,81,0,0,0*,4300,10,either
08/18/2021,17,15,80,0,0,0*,4100,10,either
08/18/2021,17,35,81,0,0,0*,4100*,10,either
08/18/2021,17,55,80,0,0,0*,4100*,10,either
08/18/2021,18,15,80,0,0,0*,4100*,10,either
08/18/2021,18,35,78,0,0,0*,4100*,10,either
08/18/2021,18,55,76,0,0,0*,4100*,10,either
08/18/2021,19,15,75,0,0,0*,4100*,10,either
08/18/2021,19,35,73,0,0,0*,4100*,10,either
08/18/2021,19,55,72,0,0,0*,4100*,10,either
08/19/2021,09,55,79,0,0,0*,2200,10,either
08/19/2021,10,35,81,0,0,0*,3600,10,either
08/19/2021,10,55,82,0,0,0*,3900,10,either
08/19/2021,11,35,83,0,0,0*,3700,10,either
08/19/2021,11,55,83,0,0,0*,4100,10,either
08/19/2021,12,15,83,0,0,0*,4100,10,either
08/19/2021,12,35,84,0,0,0*,4100,10,either
08/19/2021,12,55,81,0,0,0*,7000,10,either
08/19/2021,13,15,84,0,0,0*,4700,10,either
08/19/2021,13,35,83,0,0,0*,4500,10,either
08/19/2021,13,55,84,0,0,0*,4700,10,either
08/19/2021,14,15,84,0,0,0*,7000,10,either
08/19/2021,14,35,85,0,0,0*,4800,10,either
08/19/2021,14,55,84,0,0,0*,5000,10,either
08/19/2021,15,15,85,0,0,0*,5000,10,either
08/19/2021,15,55,85,3,50,0*,5000,10,
08/19/2021,16,15,83,0,0,0*,5000*,10,either
08/19/2021,16,55,85,0,0,0*,5000*,10,either
08/19/2021,17,15,83,0,0,0*,5000*,10,either
08/19/2021,17,55,80,0,0,0*,5000*,10,either
08/19/2021,18,15,80,0,0,0*,5000*,10,either
08/19/2021,18,35,80,0,0,0*,5000*,10,either
08/19/2021,18,55,78,0,0,0*,5000*,10,either
08/19/2021,19,15,76,0,0,0*,5000*,10,either
08/19/2021,19,35,75,0,0,0*,6000,10,either
08/19/2021,19,55,73,0,0,0*,6000,10,either
08/20/2021,11,35,84,5,10,0*,4200,10,
08/20/2021,11,55,82,0,0,0*,4400,10,either
08/20/2021,12,15,83,0,0,0*,4400*,10,either
08/20/2021,12,35,85,0,0,0*,5000,10,either
08/20/2021,12,55,85,0,0,0*,5000,10,either
08/20/2021,13,15,85,3,20,0*,5000,10,
08/20/2021,13,35,85,5,160,0*,5000,10,
08/20/2021,13,55,85,0,0,0*,5000,10,either
08/20/2021,14,15,86,3,30,0*,5000,10,
08/20/2021,14,55,86,0,0,0*,5000*,10,either
08/20/2021,15,15,86,0,0,0*,5500,10,either
08/20/2021,15,35,85,0,0,0*,5500*,10,either
08/20/2021,15,55,85,0,0,0*,5500*,10,either
08/20/2021,16,15,85,0,0,0*,5500*,10,either
08/20/2021,16,35,85,0,0,0*,5500*,10,either
08/20/2021,16,55,85,0,0,0*,5500*,10,either
08/20/2021,17,15,84,0,0,0*,5500*,10,either
08/20/2021,17,35,84,0,0,0*,5500*,10,either
08/20/2021,17,55,83,0,0,0*,5500*,10,either
08/20/2021,18,15,82,0,0,0*,5500*,10,either
08/20/2021,18,35,81,0,0,0*,5500*,10,either
08/20/2021,18,55,79,0,0,0*,5500*,10,either
08/20/2021,19,15,76,0,0,0*,5500*,10,either
08/20/2021,19,35,73,0,0,0*,5500*,10,either
08/20/2021,19,55,72,0,0,0*,5500*,10,either
08/21/2021,12,35,86,5,170,0*,3600,10,
08/21/2021,14,55,87,5,200,0*,4600,10,
08/21/2021,16,55,86,5,30,0*,4500*,10,
08/21/2021,17,35,85,3,160,0*,4500*,10,
08/21/2021,17,55,84,3,210,0*,4500*,10,
08/21/2021,18,15,83,3,200,0*,4500*,10,
08/21/2021,18,35,82,0,0,0*,4500*,10,either
08/21/2021,18,55,79,0,0,0*,4500*,10,either
08/21/2021,19,15,76,0,0,0*,4500*,10,either
08/21/2021,19,35,77,0,0,0*,4500*,10,either
08/21/2021,19,55,75,0,0,0*,4500*,10,either
08/22/2021,10,15,84,0,0,0*,2000,10,either
08/22/2021,10,35,83,0,0,0*,2400,10,either
08/22/2021,11,15,84,3,210,0*,3300,10,
08/22/2021,11,55,86,5,150,0*,3200,10,
08/22/2021,12,35,84,3,180,0*,3200,10,
08/24/2021,07,15,70,3,150,16*,5000,10,
08/24/2021,07,35,71,0,0,16*,4200,10,either
08/24/2021,07,55,72,0,0,16*,4000,10,either
08/24/2021,08,15,73,0,0,16*,3800,10,either
08/24/2021,08,55,75,0,0,16*,3600,10,either
08/24/2021,09,15,77,0,0,16*,3600,10,either
08/24/2021,09,35,79,0,0,16*,3800,10,either
08/24/2021,09,55,80,0,0,16*,3800,10,either
08/24/2021,10,15,80,0,0,16*,3400,10,either
08/24/2021,10,35,83,0,0,16*,4900,10,either
08/24/2021,10,55,82,0,0,16*,4900,10,either
08/24/2021,11,15,84,0,0,16*,4900*,10,either
08/24/2021,11,35,84,0,0,16*,4900*,10,either
08/24/2021,12,15,85,3,150,16*,2700,10,
08/24/2021,16,55,89,5,210,16*,3300*,10,
08/24/2021,17,15,87,5,210,16*,3300*,10,
08/24/2021,17,35,83,0,0,16*,3100,10,either
08/24/2021,18,15,75,0,0,16*,7000,10,either
08/25/2021,16,15,87,5,20,17*,3900*,10,
08/25/2021,18,15,84,0,0,17*,3700,10,either
08/25/2021,18,55,82,0,0,17*,3500*,10,either
08/25/2021,19,15,81,0,0,17*,3500*,10,either
08/25/2021,19,35,79,0,0,17*,3500*,10,either
08/26/2021,05,35,73,0,0,18*,5500*,10,either
08/26/2021,12,15,82,0,0,18*,2500,10,either
08/26/2021,12,35,84,0,0,18*,2800,10,either
08/26/2021,12,55,86,0,0,18*,2800,10,either
08/26/2021,13,15,85,0,0,18*,2800,10,either
08/26/2021,13,35,87,0,0,18*,3000,10,either
08/26/2021,16,55,86,0,0,20*,4200,10,either
08/26/2021,17,15,85,3,170,20*,4200,10,
08/26/2021,17,35,85,0,0,20*,4200,10,either
08/26/2021,17,55,83,0,0,20*,4200*,10,either
08/26/2021,18,15,83,0,0,20*,4200*,10,either
08/26/2021,18,35,81,0,0,20*,4200*,10,either
08/26/2021,18,55,80,0,0,20*,4800,10,either
08/26/2021,19,15,78,0,0,20*,4600,10,either
08/26/2021,19,35,78,0,0,20*,4600*,10,either
08/27/2021,06,35,72,3,30,20*,4800,7,
08/27/2021,09,35,76,5,170,20*,4300,10,
08/27/2021,11,35,82,0,0,16*,2300*,10,either
08/27/2021,11,55,83,5,160,16*,2600,10,
08/27/2021,12,15,83,5,230,16*,2600,10,
08/27/2021,12,35,84,5,230,16*,2600*,10,
08/27/2021,13,35,84,3,220,16*,4600,10,
08/27/2021,14,15,85,3,160,16*,3500,10,
08/27/2021,14,35,85,3,180,16*,3500,10,
08/27/2021,14,55,85,5,150,16*,3500*,10,
08/27/2021,15,55,84,0,0,16*,3700,10,either
08/27/2021,16,15,83,0,0,16*,4700,10,either
08/27/2021,17,15,84,3,150,16*,3400,10,
08/27/2021,17,35,84,0,0,16*,3400,10,either
08/27/2021,17,55,84,0,0,16*,3400*,10,either
08/27/2021,18,15,82,0,0,16*,3400*,10,either
08/27/2021,18,35,82,0,0,16*,3400*,10,either
08/27/2021,18,55,81,0,0,16*,3400*,10,either
08/27/2021,19,15,78,0,0,16*,3400*,10,either
08/27/2021,19,35,77,0,0,16*,3400*,10,either
08/28/2021,06,55,71,3,160,16*,4100*,5,
08/28/2021,07,35,74,5,200,16*,4100*,7,
08/28/2021,08,15,76,5,210,16*,4100*,10,
08/28/2021,08,35,77,5,220,16*,4100*,10,
08/28/2021,08,55,78,3,210,16*,4100*,10,
08/28/2021,09,15,80,0,0,16*,4400,10,either
08/28/2021,09,35,80,3,200,16*,4400*,10,
08/28/2021,09,55,82,5,230,16*,4400*,10,
08/28/2021,10,15,82,3,210,16*,4400*,10,
08/28/2021,10,35,84,5,150,16*,4400*,10,
08/28/2021,10,55,85,3,170,16*,4400*,10,
08/28/2021,15,35,89,5,220,17*,4000,10,
08/28/2021,16,15,88,3,210,17*,3800,10,
08/28/2021,17,15,88,5,230,17*,7000,10,
08/28/2021,19,15,82,0,0,17*,7000*,10,either
08/28/2021,19,35,81,0,0,17*,7000*,10,either
08/29/2021,05,55,72,3,220,17*,4100*,10,
08/29/2021,06,15,72,5,210,17*,4100*,10,
08/29/2021,07,15,74,0,0,17*,4100*,10,either
08/29/2021,07,35,76,3,190,17*,4600,10,
08/29/2021,07,55,76,0,0,17*,4600,10,either
08/29/2021,08,15,78,5,230,17*,4600*,10,
08/29/2021,08,35,79,3,210,17*,4600*,10,
08/29/2021,09,15,82,5,230,17*,4600*,10,
08/29/2021,10,55,84,5,160,17*,2900,10,
08/29/2021,11,35,83,3,190,17*,2900*,10,
08/31/2021,05,35,55,0,0,16*,7220*,5,either
08/31/2021,05,55,54,0,0,16*,7220*,10,either
08/31/2021,06,15,54,0,0,16*,7220*,7,either
08/31/2021,06,35,55,0,0,16*,7220*,10,either
08/31/2021,06,55,57,0,0,16*,7220*,10,either
08/31/2021,07,15,59,0,0,16*,7220*,10,either
08/31/2021,07,35,60,0,0,16*,7220*,10,either
08/31/2021,07,55,62,0,0,16*,7220*,10,either
08/31/2021,08,15,65,0,0,16*,7220*,10,either
09/01/2021,19,15,66,5,20,18*,7220,10,
09/02/2021,05,35,47,0,0,18*,7220,7,either
09/02/2021,05,55,47,0,0,18*,7220,10,either
09/02/2021,07,15,51,0,0,18*,7220,10,either
09/02/2021,07,35,56,0,0,18*,7220,10,either
09/02/2021,07,55,57,0,0,18*,7220,10,either
09/02/2021,08,15,59,0,0,18*,7220,10,either
09/02/2021,08,35,61,0,0,18*,7220,10,either
09/02/2021,08,55,63,0,0,18*,7220,10,either
09/02/2021,09,15,65,3,50,18*,7220,10,
09/02/2021,09,55,68,0,0,18*,7220,10,either
09/02/2021,10,15,69,3,20,18*,7220,10,
09/02/2021,10,35,70,5,20,18*,7220,10,
09/02/2021,16,55,74,0,0,18*,7220,10,either
09/02/2021,18,35,70,3,40,18*,7220,10,
09/02/2021,19,15,64,0,0,18*,7220,10,either
09/02/2021,19,35,62,0,0,18*,7220,10,either
09/03/2021,06,15,51,3,210,18*,7220,10,
09/03/2021,06,55,53,0,0,18*,7220,10,either
09/03/2021,07,15,54,0,0,18*,7220,10,either
09/03/2021,08,15,59,3,160,18*,7220,10,
09/03/2021,08,55,61,0,0,18*,7220,10,either
09/03/2021,09,15,63,0,0,18*,7220,10,either
09/03/2021,09,35,64,0,0,18*,7220,10,either
09/03/2021,09,55,65,0,0,18*,7220,10,either
09/03/2021,10,15,67,0,0,18*,7220,10,either
09/03/2021,10,35,68,3,190,18*,7220,10,
09/03/2021,10,55,70,0,0,18*,7220,10,either
09/03/2021,11,15,71,3,150,18*,7220,10,
09/03/2021,11,35,72,0,0,18*,7220,10,either
09/03/2021,11,55,72,0,0,18*,7220,10,either
09/03/2021,12,35,73,0,0,18*,7220,10,either
09/03/2021,15,15,75,0,0,18*,7220,10,either
09/03/2021,15,55,74,5,150,18*,7220,10,
09/03/2021,17,35,71,5,170,18*,7220,10,
09/03/2021,17,55,70,5,180,18*,7220,10,
09/03/2021,18,15,69,5,170,18*,7220,10,
09/03/2021,19,15,66,5,170,18*,7220,10,
09/04/2021,05,55,62,3,150,18*,7000,10,
09/04/2021,06,15,63,3,150,18*,7000,10,
09/04/2021,06,55,63,0,0,18*,8500,10,either
09/04/2021,07,35,64,0,0,18*,6000,10,either
09/04/2021,07,55,64,3,150,18*,7500,10,
09/04/2021,08,15,65,3,150,18*,6500,10,
09/04/2021,15,55,74,5,190,17*,4900,10,
09/04/2021,16,15,73,5,210,17*,4800,10,
09/04/2021,16,55,74,3,200,17*,4800,10,
09/04/2021,17,35,73,3,200,17*,4600,10,
09/04/2021,17,55,73,3,170,17*,4400,10,
09/04/2021,18,15,72,5,170,17*,3500,10,
09/04/2021,18,35,72,5,230,17*,4600,10,
09/04/2021,18,55,72,3,220,17*,4300,10,
09/04/2021,19,15,71,3,220,17*,3700,10,
09/05/2021,06,55,59,0,0,16*,7220,10,either
09/07/2021,05,55,55,10,190,16*,7220,10,
09/07/2021,16,55,77,5,210,16*,7000,10,
09/08/2021,05,55,61,3,230,16*,7220,5,
09/08/2021,06,15,61,3,220,16*,7220,5,
09/08/2021,06,55,61,0,0,16*,7220,5,either
09/08/2021,07,15,62,0,0,16*,7220,5,either
09/10/2021,06,15,52,0,0,17*,7500,10,either
09/10/2021,06,35,53,0,0,17*,7500,10,either
09/10/2021,06,55,53,0,0,17*,7000,10,either
09/10/2021,07,15,53,0,0,17*,6000,10,either
09/10/2021,07,35,53,3,150,17*,5500,10,
09/10/2021,07,55,55,3,170,17*,5500*,10,
09/10/2021,08,15,58,0,0,17*,5500*,10,either
09/10/2021,08,35,60,0,0,17*,5500*,10,either
09/10/2021,08,55,63,3,230,17*,5500*,10,
09/10/2021,09,15,64,5,230,17*,5500*,10,
09/10/2021,09,35,66,0,0,17*,5500*,10,either
09/10/2021,09,55,67,5,180,17*,9000,10,
09/10/2021,10,35,69,0,0,17*,9000*,10,either
09/10/2021,13,55,74,5,220,20*,5000,10,
09/10/2021,14,55,75,3,230,20*,5000,10,
09/10/2021,15,35,75,3,230,20*,5000,10,
09/10/2021,17,15,73,3,210,20*,5000,10,
09/10/2021,18,55,65,0,0,20*,5000*,10,either
09/11/2021,07,15,60,3,170,16*,5500,10,
09/11/2021,13,35,80,5,210,20*,5500*,10,
09/11/2021,16,35,80,5,220,16*,5500*,10,
09/11/2021,17,35,79,5,220,16*,5500*,10,
09/11/2021,17,55,78,5,220,16*,5500*,10,
09/11/2021,18,35,76,5,210,16*,5500*,10,
09/12/2021,06,55,70,3,210,16*,4300,10,
09/12/2021,07,15,70,5,200,16*,4100,10,
09/12/2021,07,35,70,3,210,16*,5000,10,
09/12/2021,08,15,71,5,210,16*,5000*,10,
09/12/2021,13,55,80,5,230,16*,3300,10,
09/12/2021,15,35,79,0,0,16*,3300,10,either
09/12/2021,15,55,79,0,0,16*,3300,10,either
09/12/2021,16,15,78,0,0,16*,3300,10,either
09/12/2021,16,35,78,0,0,16*,3300,10,either
09/12/2021,16,55,78,0,0,16*,3300,10,either
09/12/2021,17,15,78,0,0,16*,3500,10,either
09/12/2021,17,35,77,0,0,16*,3300,10,either
09/12/2021,17,55,77,0,0,16*,4700,10,either
09/12/2021,18,15,75,0,0,16*,4900,10,either
09/15/2021,18,35,67,0,0,16*,7000*,10,either
09/15/2021,19,15,61,0,0,16*,7000*,7,either
09/16/2021,07,55,59,0,0,16*,5500*,7,either
09/16/2021,08,15,62,0,0,16*,5500*,10,either
09/16/2021,08,35,64,0,0,16*,6000,10,either
09/16/2021,08,55,66,0,0,16*,6000,10,either
09/16/2021,10,55,74,5,200,16*,6000*,10,
09/16/2021,11,35,76,3,160,16*,4800,10,
09/17/2021,06,15,60,3,170,16*,5500*,5,
09/17/2021,06,35,60,0,0,16*,5500*,5,either
09/17/2021,07,35,62,0,0,16*,5500*,5,either
09/17/2021,07,55,64,0,0,16*,5500*,7,either
09/17/2021,09,15,72,5,210,16*,5000,10,
09/17/2021,09,55,75,5,220,16*,4800,10,
09/17/2021,18,35,79,0,0,17*,7220,10,either
09/17/2021,18,55,74,0,0,17*,7220,10,either
09/18/2021,06,15,60,3,40,16*,8000*,10,
09/18/2021,06,35,59,5,30,16*,8000*,10,
09/18/2021,06,55,59,3,40,16*,8000*,10,
09/18/2021,11,35,73,5,40,16*,8000*,10,
09/18/2021,16,15,77,5,40,16*,8000*,10,
09/18/2021,17,15,76,3,50,16*,8000*,10,
09/18/2021,18,15,72,5,50,16*,8000*,10,
09/18/2021,18,35,69,3,50,16*,8000*,10,
09/18/2021,18,55,67,3,40,16*,8000*,10,
09/19/2021,05,55,49,0,0,16*,8000*,10,either
09/19/2021,06,15,49,0,0,16*,8000*,10,either
09/19/2021,06,35,49,0,0,16*,8000*,10,either
09/19/2021,06,55,51,0,0,16*,8000*,10,either
09/19/2021,07,15,53,0,0,16*,8000*,10,either
09/19/2021,08,55,66,0,0,16*,8000*,10,either
09/19/2021,09,15,68,5,150,16*,8000*,10,
09/19/2021,15,35,82,3,150,17*,4400,10,
09/19/2021,15,55,81,3,160,18,4800,10,
09/20/2021,06,35,65,0,0,17*,4900*,10,either
09/21/2021,11,35,70,0,0,20*,2000,10,either
09/21/2021,11,55,70,5,230,20*,5500,10,
09/21/2021,12,15,72,5,180,20*,5500,10,
09/21/2021,12,35,73,5,230,20*,2300,10,
09/24/2021,07,35,49,5,200,16*,12000,10,
09/24/2021,08,35,54,5,210,16*,2400,10,
09/24/2021,09,15,57,3,230,16*,2000,10,
09/24/2021,16,15,72,5,210,16*,5500*,10,
09/24/2021,16,35,72,5,160,16*,5500*,10,
09/24/2021,17,15,71,5,190,16*,5500*,10,
09/24/2021,18,35,62,3,150,16*,5500*,10,
09/24/2021,18,55,60,3,150,16*,5500*,7,
09/25/2021,18,35,58,0,0,20*,6000*,10,either
09/25/2021,18,55,56,0,0,20*,6000*,10,either
09/26/2021,07,15,50,3,210,20*,9500*,10,
09/26/2021,07,35,51,5,200,20*,9500*,10,
09/26/2021,17,35,73,5,220,17*,11000*,10,
09/26/2021,17,55,72,3,210,17*,11000*,10,
09/26/2021,18,15,71,5,200,17*,11000*,10,
09/26/2021,18,35,70,0,0,17*,11000*,10,either
09/27/2021,06,15,64,5,180,16*,12000*,10,
09/29/2021,07,55,52,0,0,16*,11000,10,either
09/29/2021,08,15,53,0,0,16*,11000,7,either
09/29/2021,09,15,61,0,0,16*,11000*,10,either
09/29/2021,09,35,62,0,0,16*,11000*,10,either
09/29/2021,09,55,63,0,0,16*,11000*,10,either
09/29/2021,10,15,65,0,0,16*,11000*,10,either
09/29/2021,10,35,65,0,0,16*,11000*,10,either
09/29/2021,10,55,66,0,0,16*,11000*,10,either
09/29/2021,11,55,68,3,40,16*,11000*,10,
09/29/2021,12,35,70,0,0,16*,11000*,10,either
09/29/2021,13,35,71,0,0,16*,11000*,10,either
09/29/2021,13,55,72,3,40,16*,11000*,10,
09/29/2021,14,15,73,5,20,16*,11000*,10,
09/29/2021,15,55,73,0,0,16*,11000*,10,either
09/29/2021,16,15,73,0,0,16*,11000*,10,either
09/29/2021,16,35,72,0,0,16*,11000*,10,either
09/29/2021,17,35,71,3,30,16*,11000*,10,
09/29/2021,17,55,69,3,30,16*,7220,10,
09/29/2021,18,15,67,0,0,16*,7220,10,either
09/29/2021,18,35,64,0,0,16*,7220,10,either
09/30/2021,06,15,45,0,0,16*,7220*,7,either
09/30/2021,06,35,45,0,0,16*,7220*,10,either
09/30/2021,06,55,45,0,0,16*,7220*,10,either
09/30/2021,07,15,46,0,0,16*,7220*,7,either
09/30/2021,07,35,47,0,0,16*,7220*,10,either
09/30/2021,07,55,51,0,0,16*,7220*,10,either
09/30/2021,09,55,64,0,0,16*,7220*,10,either
09/30/2021,10,15,65,3,170,16*,7220*,10,
09/30/2021,10,35,66,0,0,16*,7220*,10,either
09/30/2021,10,55,66,3,150,16*,7220*,10,
09/30/2021,11,15,67,3,150,16*,7220*,10,
09/30/2021,11,35,69,0,0,16*,7220*,10,either
09/30/2021,11,55,70,5,20,16*,7220*,10,
09/30/2021,12,15,70,5,40,16*,7220*,10,
09/30/2021,14,35,74,5,10,16*,7220*,10,
09/30/2021,14,55,73,0,0,16*,7220*,10,either
09/30/2021,15,35,74,0,0,16*,7220*,10,either
09/30/2021,16,35,73,5,20,16*,7220*,10,
09/30/2021,17,15,72,3,50,16*,7220*,10,
09/30/2021,17,55,69,5,180,16*,7220,10,
09/30/2021,18,35,63,3,150,16*,7220,10,
10/01/2021,06,35,47,0,0,16*,7220*,10,either
10/01/2021,07,35,51,0,0,16*,7220*,10,either
10/01/2021,08,35,59,3,160,16*,7220*,10,
10/01/2021,08,55,61,3,160,16*,7220*,10,
10/01/2021,09,15,64,5,170,16*,7220*,10,
10/01/2021,09,35,65,5,150,16*,7220*,10,
10/01/2021,14,15,76,5,210,16*,7220*,10,
10/01/2021,14,55,76,5,210,16*,7220*,10,
10/01/2021,15,15,77,3,210,16*,7220*,10,
10/01/2021,16,35,76,3,230,16*,7220*,10,
10/01/2021,17,35,73,5,160,16*,7220*,10,
10/02/2021,06,15,54,0,0,16*,7220*,10,either
10/02/2021,06,35,56,0,0,16*,7220*,10,either
10/02/2021,06,55,54,0,0,16*,7220*,10,either
10/02/2021,07,15,56,0,0,16*,7220*,10,either
10/02/2021,07,35,58,0,0,16*,7220*,10,either
10/02/2021,07,55,61,0,0,16*,7220*,10,either
10/02/2021,08,15,62,0,0,16*,7220*,10,either
10/02/2021,08,35,64,0,0,16*,7220*,10,either
10/02/2021,08,55,65,0,0,16*,7220*,10,either
10/02/2021,09,15,66,0,0,16*,7220*,10,either
10/02/2021,09,35,67,5,20,16*,7220*,10,
10/02/2021,10,15,69,5,160,16*,7220*,10,
10/02/2021,10,35,71,5,150,16*,7220*,10,
10/02/2021,11,15,71,5,150,16*,12000,10,
10/02/2021,11,55,72,5,190,16*,12000,10,
10/02/2021,12,55,75,5,190,16*,10000,10,
10/02/2021,13,15,76,3,190,16*,10000,10,
10/02/2021,13,35,77,5,200,16*,10000,10,
10/02/2021,15,55,72,5,190,18*,2900,10,
10/03/2021,13,55,73,5,210,18*,2000,7,
10/03/2021,18,15,68,0,0,18*,2200,10,either
10/03/2021,18,35,67,5,180,18*,8000,10,
10/04/2021,06,15,63,3,50,17*,8000,10,
10/05/2021,17,35,65,0,0,16*,2000,10,either
10/05/2021,18,15,65,0,0,16*,2600,10,either
10/05/2021,18,35,63,0,0,16*,3100,10,either
10/07/2021,15,35,69,0,0,16*,3100,7,either
10/08/2021,14,15,74,5,190,16*,2000,10,
10/08/2021,15,55,65,0,0,16*,4900,7,either
10/08/2021,17,55,66,0,0,16*,12000,10,either
10/08/2021,18,15,66,3,200,16*,11000,10,
10/09/2021,12,15,72,5,150,16*,2400,10,
10/09/2021,14,35,71,0,0,16*,2900,10,either
10/09/2021,14,55,72,5,230,16*,2900,10,
10/09/2021,15,15,72,3,230,16*,3000,10,
10/09/2021,15,35,72,0,0,16*,3000,10,either
10/09/2021,16,15,73,5,210,16*,3200,10,
10/09/2021,16,35,72,5,160,16*,4000,10,
10/09/2021,16,55,72,0,0,16*,3300,10,either
10/09/2021,17,15,72,0,0,16*,3300,10,either
10/09/2021,17,55,69,0,0,16*,4600*,10,either
10/09/2021,18,15,66,0,0,16*,4600*,10,either
10/10/2021,17,35,75,5,160,16*,3500*,10,
10/10/2021,17,55,74,0,0,16*,3500*,10,either
10/11/2021,06,55,64,3,150,16*,3500*,10,
10/12/2021,09,15,64,5,170,17*,2100,10,
10/12/2021,09,35,64,3,200,17,2100,10,
10/13/2021,15,15,72,5,230,16*,3000*,10,
10/13/2021,16,55,70,0,0,16*,3000*,10,either
10/13/2021,17,15,69,3,210,16*,3000*,10,
10/13/2021,17,55,67,0,0,16*,6000,10,either
10/13/2021,18,15,66,0,0,16*,6000,10,either
10/14/2021,10,55,73,5,230,18*,2200,10,
10/14/2021,12,15,76,5,200,18*,2500,10,
10/14/2021,12,35,78,5,190,18*,2700,10,
10/18/2021,06,35,37,0,0,16*,6500*,10,either
10/18/2021,06,55,39,0,0,16*,6500*,10,either
10/18/2021,07,15,39,0,0,16*,6500*,10,either
10/18/2021,07,35,41,0,0,16*,6500*,10,either
10/18/2021,07,55,43,0,0,16*,6500*,10,either
10/18/2021,08,15,46,0,0,16*,6500*,10,either
10/18/2021,08,35,48,0,0,16*,6500*,10,either
10/18/2021,08,55,51,0,0,16*,6500*,10,either
10/18/2021,09,15,53,0,0,16*,6500*,10,either
10/18/2021,10,15,59,0,0,16*,6500*,10,either
10/18/2021,17,55,62,0,0,18*,6500*,10,either
10/18/2021,18,15,58,0,0,18*,6500*,10,either
10/19/2021,06,35,49,3,160,18*,7220,10,
10/19/2021,06,55,49,3,190,18*,7220,10,
10/19/2021,07,15,49,3,190,18*,7220,10,
10/19/2021,07,35,50,3,190,18*,7220,10,
10/19/2021,07,55,51,5,210,18*,7220,10,
10/19/2021,08,15,53,5,220,18*,7220,10,
10/19/2021,08,35,54,3,220,18*,7220,10,
10/19/2021,08,55,56,0,0,18*,7220,10,either
10/19/2021,09,55,60,0,0,18*,7220,10,either
10/19/2021,10,55,64,3,220,18*,7220,10,
10/19/2021,17,55,65,0,0,16*,7220*,10,either
10/19/2021,18,15,61,0,0,16*,7220*,10,either
10/20/2021,06,35,49,3,160,16*,7220*,10,
10/20/2021,06,55,49,5,170,16*,7220*,10,
10/20/2021,07,15,49,3,170,16*,7220*,10,
10/20/2021,07,35,49,3,160,16*,7220*,10,
10/20/2021,07,55,51,3,210,16*,7220*,10,
10/20/2021,08,15,53,3,210,16*,7220*,10,
10/20/2021,08,35,55,3,220,16*,7220*,10,
10/20/2021,09,15,58,5,230,16*,10000,10,
10/20/2021,09,35,59,5,230,16*,10000,10,
10/20/2021,09,55,61,3,230,16*,10000,10,
10/20/2021,10,55,64,0,0,16*,10000,10,either
10/20/2021,11,15,64,0,0,16*,10000*,10,either
10/20/2021,11,35,66,3,210,16*,10000*,10,
10/20/2021,12,15,68,5,220,16*,10000*,10,
10/20/2021,15,55,72,5,180,16*,10000*,10,
10/20/2021,16,15,71,5,200,16*,10000*,10,
10/20/2021,16,55,69,3,150,16*,10000*,10,
10/20/2021,18,15,64,0,0,16*,10000,10,either
10/21/2021,07,15,57,3,170,16*,5000,10,
10/21/2021,07,35,57,0,0,16*,5000,10,either
10/21/2021,07,55,58,0,0,16*,5000,10,either
10/21/2021,08,15,59,3,220,16*,4700,10,
10/21/2021,08,35,59,3,190,16*,4800,10,
10/21/2021,08,55,60,0,0,16*,4800,10,either
10/22/2021,07,15,35,0,0,16*,2600*,10,either
10/22/2021,07,35,35,0,0,16*,2600*,10,either
10/22/2021,07,55,36,0,0,16*,2600*,10,either
10/22/2021,08,15,38,0,0,16*,2600*,10,either
10/22/2021,08,35,40,0,0,16*,2600*,10,either
10/22/2021,09,15,43,0,0,16*,2600*,10,either
10/22/2021,09,35,43,0,0,16*,2600*,10,either
10/22/2021,10,55,46,0,0,16*,3200,10,either
10/22/2021,11,35,47,0,0,16*,3200,10,either
10/22/2021,12,15,47,0,0,16*,3200*,10,either
10/22/2021,12,55,49,0,0,16*,3600,10,either
10/22/2021,13,55,49,0,0,16*,4000,10,either
10/22/2021,14,35,48,0,0,16*,3800,10,either
10/22/2021,17,15,47,0,0,16*,6000,10,either
10/22/2021,17,35,46,0,0,16*,6000,10,either
10/22/2021,17,55,46,0,0,16*,6000,10,either
10/24/2021,11,35,45,0,0,17*,6500,10,either
10/24/2021,11,55,45,0,0,17*,6500,10,either
10/24/2021,12,15,46,0,0,17*,6500,10,either
10/24/2021,12,35,46,0,0,17*,5500,10,either
10/24/2021,13,15,46,3,40,17*,5500,10,
10/24/2021,13,35,47,3,50,17*,5000,10,
10/24/2021,14,35,47,0,0,17*,4400,10,either
10/24/2021,15,55,47,0,0,17*,4000,10,either
10/24/2021,16,15,47,0,0,17*,4000,10,either
10/26/2021,16,55,47,5,10,17*,3200*,10,
10/26/2021,17,35,45,3,20,17*,3200*,10,
10/26/2021,17,55,43,0,0,17*,3200*,10,either
11/24/2021,10,15,42,11,190,17,7220*,10,
